name,division,nGames,KDA,Takedowns,Kill Participation,Hero Damage,DPM,Damage Taken,Healing,HPM,Siege Damage,Team Fight Hero Damage,Team Fight Healing,Team Fight Damage Taken,XP Contribution,XPM,CC Time,Root Time,Silence Time,Stun Time,Time Dead,Time Dead %
NoMoreHeroes#10903206,DW,5,4.777777777777778,8.6,0.9222222222222222,40639.6,1857.5385418016813,39104.4,0,0,86596.6,26832.8,478,26339,11163,518.0373533663881,43.6,0,6,1.2,102.6,0.07799735124437593
Tirtwig#1495513,DW,4,2.8181818181818183,7.75,0.7305555555555556,22773,1110.6519685862233,28107.75,82523,4371.966875607586,21264,12477.5,12585.25,15874.75,5412.5,256.87626230580753,82.25,23.5,0,19.75,122,0.09176532261231973
Vehrn15#4759679,DW,5,1.8,7.2,0.7822222222222223,29417.8,1298.9673954594102,106386.2,0,1418.9574298260734,28144,21985.2,454.4,78633,6382.2,284.53942965485066,399,0,1.6,38.6,178,0.1352655783388979
Peldor#1571902,DW,5,3.0833333333333335,7.4,0.78,30914,1416.3487302882063,59096.4,0,463.26881737576633,161998.6,19344.4,0,32864.6,23045.8,1064.338792278875,211,0,1.8,20.2,107,0.07931544058502785
boomerAPM#10915992,DW,5,4.1,8.2,0.9,60949.8,2792.2534481365283,30232.2,438.2,136.06603900788113,173935.2,18089,0,13316.6,18014.2,847.5842313647045,437.4,0,0,7,107.4,0.076045557406382
CreamyCowboy#699111,DW,5,5.875,9.4,0.8815686274509803,20804.2,913.3024507821749,31009,80178.2,3716.7419513171903,21532.4,10880.2,14010.4,16941.2,6688.8,301.00729304393354,77.2,10.8,18.8,10.2,69.2,0.05237228604576548
eBagatron#4943058,DW,5,2.875,9.2,0.8675816993464052,41732.6,1824.7284711638408,72239.2,1064.8,690.7787645560504,104755,24338.8,141.2,50865.8,15108.6,667.5591859649066,193.6,0,3.6,26,129.8,0.10184477787554203
RubenRipper#727624,DW,5,3.6363636363636362,8,0.7783006535947712,42650.8,1920.8578340961406,58909.6,3750.4,1342.3801224437102,128189.2,26612.4,0,36202.6,18936,855.210594524537,99.4,7.6,0,12.6,108,0.08011337592673436
Kshizzle#5618425,DW,5,3.0714285714285716,8.6,0.8894117647058823,72462,3255.8273599204294,55034.8,873.6,746.4583232013031,110473.2,31193.6,0,34865.8,13016.2,597.5944535817015,115.4,0,0,11.2,122.8,0.09027595059463749
MamasMeat#3386027,DW,5,4,8,0.7631372549019607,60457.8,2735.066557082736,27644.8,0,435.5377279197229,98794.4,24925.2,0,14065,12429.6,552.7181348643804,87.6,0,4.4,0.4,94,0.06637530476299708
WarmCarWater#4808621,DW,1,3,6,1,27913,1245.768479776848,36999,106630,4758.940027894003,37181,11195,11368,19583,4861,216.9483960948396,48,36,0,12,59,0.043886564388656436
Nix#4538586,BE,2,3.5,7,0.7777777777777777,44635,2091.6343187747802,50434.5,97237.5,5163.300728838563,9630.5,22638.5,31276,31639.5,3854,179.9347301087018,750,11.5,0,3,99.5,0.07725868336628194
Skillz912#10299099,BE,2,2.3333333333333335,7,0.7777777777777777,70168.5,3395.107954530732,41321,0,684.2668029644774,90476.5,30770,0,22263,11183.5,527.3381971581497,89,6.5,14,3.5,160.5,0.12236847013199673
LastMalkier#10683706,BE,2,2.8,7,0.7777777777777777,55079.5,2612.351681855649,97298,4634,1226.5932458224097,68293,41249.5,0,76153,10221.5,474.90620789967693,170.5,0,0,31.5,133.5,0.10405147130469701
YourMajesty#9964572,BE,2,2.2857142857142856,8,0.8888888888888888,58711,2804.5499233415203,69631,0,1069.279408603767,112364.5,44358,0,51173,18425,872.3686206589647,76.5,0,0,7.5,169,0.1322290591407682
ARMYTHEUS#4981255,BE,2,0.7777777777777778,3.5,0.38888888888888884,48533.5,2305.2955028170177,66411,0,933.9694854478446,87161.5,23144,0,34302.5,11233.5,521.6287914582634,28,0,0,6,196.5,0.1526626430932677
French#3754476,BE,2,4.833333333333333,14.5,0.9320175438596491,70055,3313.1594688603514,68541.5,14083,2362.7656222196124,77274,36602.5,0,47257,9852,463.1967938840495,127.5,0,1.5,0,114.5,0.09088531490115145
Niam#6275584,BE,2,28,14,0.9057017543859649,26192.5,1233.0172730599572,26571,117546,5578.844501725305,35666.5,10427.5,10271.5,12365,8431,395.01679809856364,104,22.5,37.5,6,0,0
Cyanide#814722,BE,2,6.5,13,0.8070175438596491,77969,3686.44020942893,39227,0,53.90033222591362,122588.5,34200,0,21033,13745,638.1536605561434,362,0,0,7.5,71.5,0.05685894086501666
DingDong#1526746,BE,2,7.25,14.5,0.9320175438596491,47766.5,2267.0632592294332,123095.5,2808,1555.2176924264027,41064,31100.5,0,89300.5,9085.5,423.4806229068662,503.5,0,0,18.5,23.5,0.01773166705965574
Vynx#224879,BE,2,4.6,11.5,0.6666666666666666,65383,3040.056342641801,81254,0,1111.495473615509,131595,30969,0,29864.5,19205.5,901.0417881061159,118,0,11,8.5,64.5,0.05274725274725275
CaptainWedge#4436476,Nexus,4,4.9,12.25,0.8871753246753247,44628,2275.4746723526014,81812.5,8693.5,1613.0991784476041,82640.25,37218.5,354,64816.75,11225.75,572.7815261055891,91.5,0,0,27,111.25,0.0899019261322029
WildKarde#4481459,Nexus,4,9.2,11.5,0.8444264069264069,34479.75,1750.3415445556707,70025.5,0,1311.2740829511242,120802.25,23556.75,0,46017.75,19628.25,1013.6039810967733,61.5,0,9.75,20.75,56,0.0486582187184402
Yonners#5152170,Nexus,4,3.5,12.25,0.8909632034632035,59411.25,2985.466094862822,46223.75,2074.25,949.5476216495138,108900,36342.25,0,31435,12241.25,633.6050146192777,263.75,2.75,0,6,129.25,0.11533451667586495
Idioms#5605167,Nexus,2,31,15.5,0.9523809523809523,87047.5,4215.45239961874,46830,0,139.37252073566535,101184,51876.5,0,26639,16545.5,762.5266439537955,4,0,17.5,4,31,0.02107499468876142
SaylorTwift#4826638,Nexus,4,4.6,11.5,0.8298160173160174,25075.75,1273.3484794791063,32982.5,86061.5,4657.703891209839,33955,18224.25,31533.25,24832.5,7020.75,365.58469328895836,1226.5,6,0,4.5,107.5,0.09147644915346523
chesslooter#1058934,Nexus,2,2.5714285714285716,9,0.8846153846153846,48659.5,2247.8461592562535,89881.5,0,1311.990008359311,127654,26487.5,0,63591,20481,985.4846890379943,136,0,16,8.5,203.5,0.1475061465184745
Iron#4106982,Nexus,3,2.4444444444444446,7.333333333333333,0.8717948717948718,47557.666666666664,2452.432664577686,29428,20023.333333333332,1469.2688230497417,64798,20589.333333333332,1972.6666666666667,18538.666666666668,9058.666666666666,448.66266213444527,171.33333333333334,5.333333333333333,13.333333333333334,0,137.66666666666666,0.11597927975615918
Thunderkatz#3560178,Nexus,2,3.2,8,0.7115384615384616,28151,1282.5027166037248,40832,82882.5,4149.27312974492,25320,14819.5,21648,27630.5,7683,374.6445697689893,22.5,0,20,1,132,0.09678407472707742
EkeeB#1080028,Nexus,3,3.8333333333333335,7.666666666666667,0.8653846153846154,65175,3441.7683279851967,45576,0,775.729443770766,107141.66666666667,36123.333333333336,0,33315,12037.333333333334,641.2514362692373,0,0,2,0,97,0.09035625383504074
Stark#612765,Nexus,3,1.6923076923076923,7.333333333333333,0.8258547008547009,50967,2570.689424791993,80470.66666666667,4122.666666666667,1864.6972684164755,82001.66666666667,34203,0,61871,10673,546.2220418263436,197.33333333333334,0,0,15.666666666666666,174.33333333333334,0.1530697448930957
ProtossRule#710348,A,6,3.2,8,0.8439814814814813,55808.833333333336,2579.1476669652675,36874.833333333336,0,267.4770079633968,96988.83333333333,28847,0,21316.833333333332,16204.833333333334,761.7171682682732,212.83333333333334,2,2.3333333333333335,5.666666666666667,127.66666666666667,0.09857309146034833
Aman#5915647,A,6,5.75,7.666666666666667,0.8694444444444445,15363.166666666666,719.3797288620475,23201.833333333332,78381.83333333333,3984.529110955911,28708.333333333332,6910.666666666667,7976.5,13024.5,6060,284.57524646830177,1249.8333333333333,9.833333333333334,12.833333333333334,4.833333333333333,81.33333333333333,0.06252433201157578
Jäger#566419,A,6,2.8,7,0.8152777777777778,30816,1447.6169424308298,60164.666666666664,336.6666666666667,713.8208189485182,126120.5,17576.666666666668,0,30833.666666666668,18537,853.22878014593,124,0,3.5,19.833333333333332,121.66666666666667,0.09330960736647424
ThaDuke#9954812,A,6,5.333333333333333,8,0.9166666666666666,68938.66666666667,3209.402953600739,28850.5,334.8333333333333,354.25694804867413,107100.5,21273.5,0,12198.5,11539.666666666666,537.3108006937426,84.16666666666667,8.166666666666666,0,1.6666666666666667,73.66666666666667,0.05680022773877689
BoneZ#6658235,A,6,2.5294117647058822,7.166666666666667,0.7861111111111111,23896.333333333332,1118.0761439776613,86918,0,1118.0660771351033,39996.333333333336,16289.333333333334,0,59768.166666666664,8050.833333333333,378.8773279095155,170.83333333333334,0,4.666666666666667,33.833333333333336,128.16666666666666,0.09935784632724141
ZeroDayAttak#6171296,A,6,4.875,6.5,0.7333333333333334,26201.166666666668,1398.6025203014285,61633.333333333336,0,1276.7861641418938,153981.16666666666,14848.166666666666,0,32346.666666666668,20627.333333333332,1108.668438768201,57.666666666666664,0,1,17.166666666666668,65.33333333333333,0.058546299138041
ShadowDroid#10269097,A,6,4,8,0.9350961538461539,48091.666666666664,2533.014893424286,26853.833333333332,0,420.4800176352357,137365.16666666666,19717.5,0,16067.5,11488.333333333334,606.8908342902108,46.833333333333336,10.333333333333334,0,6.166666666666667,76.16666666666667,0.06827290155376267
Xenochrist#463664,A,6,3.727272727272727,6.833333333333333,0.7802884615384614,29290.666666666668,1571.718703579064,31997.833333333332,0,230.24545126994488,75638.33333333333,14753.166666666666,0,18920.5,9723.666666666666,524.6130100548784,151.5,0.5,3.6666666666666665,0,73.66666666666667,0.06489521809495642
Lew#1602585,A,6,9.8,8.166666666666666,0.9767628205128206,14368.833333333334,779.4400420275653,25877,78324.66666666667,4358.9775607231995,43002.166666666664,7450,12103.166666666666,12789.333333333334,6330.666666666667,333.6459970032752,2427.6666666666665,2.6666666666666665,10.833333333333334,3.1666666666666665,38.333333333333336,0.03341441621031934
Crispy#10675902,A,6,4,7.333333333333333,0.8681089743589744,20342.833333333332,1097.9504881876887,75461.83333333333,1982.5,1397.2202561689119,61720,13565.833333333334,0,48033.166666666664,7765.166666666667,416.6182259187094,109,0,0,25.333333333333332,87.33333333333333,0.07506871343109585
darqknite#5535524,A,4,13.666666666666666,10.25,0.9142156862745099,18398,1064.4099054641538,59714.5,43,997.210522894974,61597.25,12078.75,0,36909.5,9073.5,525.0051504981916,134.75,0,7.75,13.25,30.25,0.028791344210343423
GreekFire#10725023,A,5,9.2,9.2,0.8633986928104577,17603.4,1051.2357945989006,21846,67134.8,3997.668651663481,29336,6022.6,8205.8,8280.8,7205.2,412.6069781691649,156.2,0,31,1,28.4,0.029837555395855135
DeathKnight#5517270,A,5,5.875,9.4,0.8745098039215687,44329.2,2526.1412830000186,23080.8,70.6,77.57314846290848,90268.6,18792.4,0,11109.2,8186.8,478.9165651854798,201.4,2,0,0.8,64.8,0.06531349938346313
Gambit#7826843,A,4,5.666666666666667,8.5,0.7786764705882353,24900,1449.0501453407555,44651.5,2101.25,1059.5203676696453,101943.25,15944.5,315.5,23247.75,15933,915.1164498422438,105.25,0,0,12.75,62,0.0622844823325026
OgelTheGreat#7827080,A,5,7.571428571428571,10.6,0.9764705882352942,41585.8,2424.015860201924,27835.2,0,286.63603788400945,83924.6,17625.4,219,12439,11517.8,680.6813522505238,35.4,0,0,3,61,0.05754376376710241
Punk#3983086,A,6,2.5833333333333335,5.166666666666667,0.9111111111111111,43423.166666666664,2475.709603309348,21850.166666666668,0,92.15482913122185,92002.16666666667,16498.5,0,12433.666666666666,11017.833333333334,619.2975079539881,226.5,4.5,0,2.3333333333333335,66.5,0.059450540558993216
Akfula#167722,A,3,4.666666666666667,4.666666666666667,0.7555555555555555,9249,528.3490481736018,15839.333333333334,49442.666666666664,3314.9598437012387,20637.666666666668,4578.666666666667,4782.333333333333,10381,4734.666666666667,280.69221016432283,21,11.666666666666666,5.333333333333333,4,49.666666666666664,0.047542279388868736
wraithling#7905329,A,5,0.8636363636363636,3.8,0.7466666666666667,14686,839.0186760467229,62703.6,767.6,779.8081311185622,27740.4,10542.2,93.6,47743.8,5914.2,326.36807081099886,154.8,0,0,15.6,146.6,0.1324955493940647
amy820#8002887,A,6,3.1,5.166666666666667,0.9259259259259259,34449,1930.5252842610837,29365.166666666668,0,0,72100,16819.5,0,16971.333333333332,8561,476.06438575848597,14.166666666666666,8.333333333333334,10.166666666666666,0.5,64.5,0.05723776040277676
CaptRoberts#8800840,A,6,1.5,4.5,0.7962962962962963,23657,1340.5749624988484,48478.833333333336,219.5,1094.718422591037,100071,11884,0,22820.5,15751.166666666666,875.2091805644978,18.333333333333332,4,0.3333333333333333,8.5,103.33333333333333,0.09601929320668161
BooCaKeyKing#1869717,A,3,3.2857142857142856,7.666666666666667,0.875,55207.333333333336,2287.3666528650015,78000.66666666667,0,636.3669181533033,131387.66666666666,17732,0,25253,17367.666666666668,709.6020029257287,169,15,0,14,99,0.07190141148883006
himmybo#2048968,A,3,5.75,7.666666666666667,0.8611111111111112,53265.333333333336,2221.01567502706,80422.66666666667,248,953.5845599310663,124207,29332,170.66666666666666,51198.666666666664,14681.333333333334,622.730684153408,372.6666666666667,0,7,24.333333333333332,58.666666666666664,0.04619962039616557
Wesgra#4823833,A,3,22,7.333333333333333,0.8333333333333334,16668,727.3648710860639,28955.333333333332,104553.33333333333,4629.688260107775,25981.333333333332,7856.333333333333,12332.333333333334,14214,7936.333333333333,340.58163063003667,416.3333333333333,9.333333333333334,0,26,21.666666666666668,0.01770062122372564
Kobo#8007331,A,2,4,4,0.6041666666666667,74901.5,3516.3041352603004,18386,0,0,108424,16272.5,0,6834.5,11088,523.6406020555727,87.5,15,0,0,52.5,0.041786850513872514
Kakarot#11208187,A,5,9.25,7.4,0.8955555555555555,46479.8,2228.751144190243,31926.2,0,322.1323629747555,85826.4,15825.4,0,15854.6,10257.6,497.6440868428357,40,0.8,0,2.4,41.2,0.03408430076935682
QBall162#433620,A,5,4,8,0.9555555555555555,66917.2,3051.582264991079,32956.2,0,738.1459593604153,129308.8,25007,0,17084.4,13159.4,630.2994235624304,26.6,0,12.2,3.4,97.2,0.07722452010745057
KING#6055950,A,5,2.466666666666667,7.4,0.8677777777777779,24714.2,1174.9336750430152,80179.2,929.4,1004.9600444159998,49112,16750.8,0,56228,8056.4,391.1327468456669,172.4,23,0,17.4,124.2,0.10542441923330174
krogdon#2220689,A,3,6.25,8.333333333333334,0.8925925925925925,13992.666666666666,582.8141749798946,33998.333333333336,102507.66666666667,4407.612394933544,46214.333333333336,5418.666666666667,15524.333333333334,14642,10228.666666666666,437.51820836156685,2663.3333333333335,0,16.333333333333332,1.6666666666666667,40,0.028728862804992473
GoddlyNoob#10468329,A,5,3.6,7.2,0.8455555555555556,34892.6,1604.4668207455213,81439.6,841.2,1597.1319406506846,174593.6,20812.6,0,45896.6,21835,1059.1740019136907,170.8,0,0,15.4,75.6,0.062430012574969815
MarshHole#5576308,A,3,1.6666666666666667,6.666666666666667,0.7638888888888888,72931.33333333333,3058.0948598904943,62661.333333333336,0,828.15366374044,172615,29959.666666666668,0,32157.666666666668,18909.666666666668,825.0720968048068,73.33333333333333,0,0,13,178.33333333333334,0.12872343638184233
SrMacofCheez#4973177,A,1,3.6666666666666665,11,0.9166666666666666,54225,1973.1635205822151,47004,451,150.9028883329543,124400,23564,0,23559,15208,553.3954969297248,51,0,8,2,174,0.10552649533773027
Linehouse#621300,BW,6,2.8666666666666667,7.166666666666667,0.6906288156288157,32975.833333333336,1671.4632743466125,61485.333333333336,2931,1265.2972269883835,107733.16666666667,15490.5,618.8333333333334,33637,16998.666666666668,903.7863576111164,93,6.333333333333333,5.5,20.833333333333332,102,0.08818891859835905
RandyNewman#8421631,BW,6,6.375,8.5,0.9583333333333334,39133.5,2142.818240441869,20641,0,89.58607152001366,99769.5,20473.333333333332,0,10082.666666666666,10393.5,533.0800739956786,151.16666666666666,0.5,3.6666666666666665,5.666666666666667,46.833333333333336,0.046733266556382484
R1EZad#673412,BW,5,3.7777777777777777,6.8,0.8081196581196581,32872.8,1724.2861114503944,48460.4,0,986.7822744145853,123855,16415,0,24113.4,18369.2,984.0088490386764,114.4,0,0,19,82.6,0.07084574567923549
Woahno#5404593,BW,6,3.6666666666666665,7.333333333333333,0.7195512820512819,39965.666666666664,2058.9738179718765,28874.5,2524.8333333333335,437.7754796928084,119263.33333333333,13626.833333333334,668.8333333333334,16448,11962.333333333334,596.2182356815757,137.66666666666666,2.6666666666666665,2,2.6666666666666665,72.66666666666667,0.0703443905049318
Snaginanehs#12497,BW,6,4.545454545454546,8.333333333333334,0.9396367521367521,27243.5,1540.450809075962,64115.166666666664,1020,911.7233952167875,51668.333333333336,15819.333333333334,0,39602,7943.333333333333,442.86755872355644,87,0,3,22,81.66666666666667,0.07794563110509434
R1ERockYourW#1155694,BW,5,2.4375,7.8,0.917948717948718,28107,1502.132030771693,73301,1327.2,1319.0257977813385,51633.4,18361.6,237.6,55461.6,9335.6,500.36309152735896,117.6,0,0,32.6,126.6,0.10956088430702797
R1EJuaneba#1510172,BW,5,13.333333333333334,8,0.9416666666666668,16636.2,908.291206251845,8900.8,50102,2631.924002824612,14861.6,5960.6,7693.8,4450.8,5767.6,307.8959457656956,95.8,15.2,13.4,24,25.2,0.02433231700234347
R1EPoe#3710394,BW,5,4.875,7.8,0.9083333333333332,48656.8,2545.8444085521965,33185,907.4,729.8828500340967,90728,20706.2,0,20493.2,10586.6,544.3658124171154,65.2,17.6,0,4.8,55.6,0.04838525633769956
Ectar#369687,BW,6,7.571428571428571,8.833333333333334,0.9791666666666666,15919.833333333334,914.4914058934502,20442.333333333332,65016.5,3623.9610256299097,35292.833333333336,6344.833333333333,9002.833333333334,9705.666666666666,6678.333333333333,363.0985064166933,1040.6666666666667,11.833333333333334,4.833333333333333,6.5,59.333333333333336,0.050415272263553274
DrEvil12#6060482,BW,5,3.1666666666666665,7.6,0.8916666666666668,59610.8,3181.5953752119567,18670.8,0,112.0907698090225,100559,23391.8,0,11296.2,11955.2,629.2781948508697,21.6,3.2,0,0,108.6,0.09310341504168895
sYnThEsIs#321387,BE,2,18,9,1,39231.5,2372.4496757823367,21591,0,16.09376159038647,89786.5,22215,0,9657.5,8724,499.70745226635853,221.5,0,0,4,22,0.018816485807451756
JKMastermind#10650099,BE,2,16,8,0.9090909090909092,51489.5,3046.720159363609,29646,2358,679.025361872646,80584.5,27451,0,13277,8576,495.23573676570203,0,0,0,0,12,0.014242266894147319
CompositSnta#2122673,BE,2,5,7.5,0.8116883116883117,37288.5,2261.638752484064,34228,0,922.2642280523603,128338.5,16767.5,0,13314,13464.5,798.342971465928,10,0,0,10,28.5,0.027194168571946856
Simeon#598893,BE,2,2.6666666666666665,4,0.7916666666666667,34408,2151.0690025273775,20304.5,0,212.63484257229914,61171.5,13978,0,9870.5,8171,481.0368696911036,88.5,0,0,4.5,56.5,0.04832415673277383
ChimChim19#7006692,BE,2,9,9,1,17405,1053.0894952714189,19847,47718.5,3635.4408889581246,21789.5,7313.5,6418.5,9419,6171.5,376.8655002002922,21.5,17.5,0,3.5,34,0.033058752701599074
TieDyeTights#10861921,BE,2,2.25,4.5,0.875,44883.5,2649.098881039121,22696,0,0,79264,12350,0,13757,7494.5,444.3211419629067,30,0,0,2,68.5,0.06787139586824356
Ulysses#4836840,BE,2,1.8,4.5,0.9166666666666667,31071.5,1936.369971502373,53062,0,1355.9161404883582,103016,14096.5,0,30101.5,12697.5,784.1378195827974,106,0,0,7.5,91.5,0.08820629801529026
USAESanger#761104,BE,2,1.4,3.5,0.6666666666666667,21639.5,1250.222090555575,68046,1862,1114.959006212589,42984,14187.5,0,55838.5,6813.5,391.0716418170499,96.5,0,0,17.5,109.5,0.10559096917551941
KagamineLen#10018488,BE,2,9,4.5,0.875,6979.5,408.4927846614381,24923,61723.5,3711.757714857639,18476.5,2644,13663,13635,3959,233.79299690259768,4302,0,0,2,14.5,0.017209405830428008
Korosive#3380664,BE,2,5.666666666666667,8.5,0.9545454545454546,19669,1236.6624676873878,60355,3695.5,1839.0757661195519,22762,16203.5,752,42778.5,5731,342.66206282447604,66.5,0,0,23.5,50.5,0.0491604816476838
FFUwUfitting#3878338,Heroic,6,1.9259259259259258,8.666666666666666,0.82543477764066,34064.666666666664,1727.7968744723257,96322.5,5285.333333333333,1833.7983317709025,52636.5,23179.166666666668,0,69602.5,8075.833333333333,411.14092115173884,129,0,3.5,27.166666666666668,178.83333333333334,0.15102179865269402
MikeIke#1474207,Heroic,3,2.4545454545454546,9,0.655920060331825,30062.333333333332,1524.2612409916726,52105.666666666664,0,536.1736426209874,127164.33333333333,18644.666666666668,0,36161,18678.666666666668,942.4569066247965,45.666666666666664,0,0,3.6666666666666665,149.66666666666666,0.1228726721503091
Marc#1413446,Heroic,6,3.2941176470588234,9.333333333333334,0.873700237670826,65602.16666666667,3318.2621814111317,41603.666666666664,1602.3333333333333,1289.1287674744874,80649.83333333333,37026.333333333336,0,26998.5,9449.333333333334,481.92930538433734,100.66666666666667,0,0,0.3333333333333333,119.83333333333333,0.10213950046711158
laurke#9630317,Heroic,6,3.3333333333333335,8.333333333333334,0.7982340372046255,37979.5,1933.2490182347294,31840,6897.666666666667,830.3211888174751,92304.83333333333,15108.666666666666,0,21090.5,11371,578.2804593732176,24.666666666666668,0,4.666666666666667,4.333333333333333,99,0.0835320258601842
Xanthanarium#8213837,Heroic,6,3.761904761904762,13.166666666666666,0.9565260447613388,53900.666666666664,2913.104916656573,40390.666666666664,282.5,553.2466380304171,79648.5,27502.5,0,25815,11139.666666666666,600.9363663961935,125.66666666666667,2,0,0.16666666666666666,125,0.1124212585774866
fuz#3806339,Heroic,6,5.142857142857143,12,0.8759082420847127,58742.833333333336,3238.5710218393556,31479,3507.1666666666665,681.9917565493616,97022.66666666667,21282.166666666668,0,17201.5,13387.333333333334,712.3791473519203,87.5,0,0,6.5,84,0.07917854187820966
Ferret102#9652454,Heroic,6,3.466666666666667,8.666666666666666,0.8311165958224782,23434,1199.1465660156107,27561.333333333332,68808,3928.5707250904393,17668.833333333332,10974.333333333334,13860.833333333334,16365.166666666666,5657.5,287.5534010839712,808.6666666666666,6,11.333333333333334,1.1666666666666667,98.83333333333333,0.08269485031465924
Tezopaco#1961616,Heroic,6,3.4761904761904763,12.166666666666666,0.8869648869648868,32171.5,1720.3872779477786,82814.16666666667,0,1144.643430581196,37281.166666666664,22710.333333333332,0,61301.5,7622.333333333333,418.01111492474746,213.66666666666666,0,0,23.166666666666668,129.83333333333334,0.11858230777026141
whereabouts#1533944,Heroic,6,3.235294117647059,9.166666666666666,0.6360233992586934,28627,1562.1449190905969,52196.166666666664,0,930.7723259404637,113098.66666666667,13715,0,23832.5,16343.166666666666,896.0332740854456,119.5,0,1,18.833333333333332,108.5,0.09525984239234182
DrunkUnicorn#10786587,Heroic,3,3.4444444444444446,10.333333333333334,0.8449735449735449,20031.666666666668,1108.9461241281717,32334,91641.33333333333,4902.318935022042,18155.333333333332,11597.333333333334,18341.333333333332,25036.333333333332,5740.333333333333,292.47091610228875,60.333333333333336,0,10.333333333333334,0,101.33333333333333,0.09626080384735092
Kstar#8244764,Heroic,1,2,8,0.7272727272727273,8444,454.46207321859055,30288,77025,4331.167797275326,8959,4462,13965,22535,5556,299.027863429949,27,0,27,0,141,0.12647866793743343
Guiltyspark#10838406,Heroic,2,16.5,16.5,0.9444444444444444,21802.5,1173.007118678804,27327,78732.5,4876.611105021626,33236.5,8278,10432,12971,8711.5,477.9859745706538,28.5,8.5,17,3,38,0.03500634012928332
BeeMan#238009,C,3,1.7777777777777777,5.333333333333333,1,21862,1247.9123175108361,66908.33333333333,0,1395.5556005467595,48241.666666666664,13006,0,45219.333333333336,8144.333333333333,464.33996126568974,426.6666666666667,0,0,31.666666666666668,117,0.11453001676196788
DirtyDut#7904000,C,2,1,2.5,0.8333333333333333,3557.5,206.11549091806637,24750,58735.5,3410.7777626553925,18342,1488.5,6770.5,13246.5,3132.5,181.30523830094316,1879,0,0,0,86,0.09172962176481098
DeadOn#3387411,C,2,0.8571428571428571,3,0.9166666666666667,31505,1911.22029271027,37981,0,251.3250656100448,100199,13046.5,0,20170,14333.5,804.3505495831998,7.5,0,0,4,123.5,0.11050927141765975
PlantFax#11442098,C,2,0.8571428571428571,3,0.9166666666666667,58878,3295.7851456883154,32842.5,0,35.784327821710995,89294,15618,0,17318,8441,487.78852932098755,40,0,0,1,136,0.1410694556603505
stankyslayer#11394586,C,2,1,2,0.75,23000,1258.9695275880708,31377,0,289.7943925233645,93573,5094,0,15210,14088,843.2304742394401,25,0,0,2.5,95.5,0.0992244583992122
Kalarix#584196,C,4,17,12.75,0.875,47060.25,2735.3943416431393,18699.5,0,39.79210621108424,65331.5,16800.5,0,8067.5,9453,543.97647244656,3.25,0,0,3.25,36,0.03636512550472123
HelixtheCat#10066491,C,4,55,13.75,0.953125,12488.25,728.6712564190572,14287.5,69641,3938.8816813345193,22547.75,4578.75,7536,5376.25,7066,417.21278092282125,69.5,5.75,19,1.25,0,0
SplendaDaddy#1218938,C,4,9.4,11.75,0.8211805555555556,26330.5,1438.0770823343325,51275.5,0,952.0639489842295,111698.75,12891.5,0,22268.75,19587,1172.001979833308,107,8.25,2.25,12.5,56.25,0.0526343129391067
SpecialChai#1344147,C,4,18.333333333333332,13.75,0.9583333333333334,51980.25,3043.6505617635494,25341.25,0,225.94834414827773,88548.75,24184.5,0,8797,10760,624.0323517130626,13,0,0,7,15.25,0.015635967607359046
Memes#11107102,C,2,29,14.5,0.9722222222222222,28258.5,1641.352898748536,70320,6270.5,2075.7291713240757,44445.5,19289.5,0,38750.5,8875,501.9022977915641,61,0,0,19,13,0.014953271028037384
exterx#5339513,D,4,12,12,0.8752136752136752,46505,2243.188511872156,24728.25,0,68.95647721454174,114378,11863.5,0,10068.5,11087.25,550.7495964303902,270,5.5,4,0,44,0.027924920678881877
CodeMonkey#4372788,D,4,9.8,12.25,0.9115384615384615,11540.25,563.4081935978368,18377.25,79911,4132.5385607013195,29389.75,4458.25,7908.25,8730,6216.5,311.1965715994931,715.75,10,7.75,5.25,53,0.04107816490121569
Rayvenx#120902,D,4,16.666666666666668,12.5,0.9307692307692308,63800.25,3068.136347292528,31876.75,0,303.3356328911569,132256.5,25793.75,0,13549.25,13266.75,634.7546252013071,119.75,0,0,0,34.5,0.028895603786623838
Andrew#596749,D,4,5.285714285714286,9.25,0.6753205128205129,36836.25,1653.7507250712956,56357.75,0,1069.4382190047975,134820,21684,0,31061.25,19877.25,983.0773236660511,144.25,10,0.75,7.25,83.75,0.05349263425780129
Honeybadger#576677,D,3,21.5,14.333333333333334,0.9500000000000001,27497.333333333332,1598.8264669882712,48559.666666666664,0,731.8151411205608,28193.333333333332,20405,0,30362.333333333332,7672.666666666667,453.60532096012247,289,0,0,14.333333333333334,16.333333333333332,0.015096374174417037
Orcnbeans#1128148,D,2,0.5,2.5,0.75,20068.5,1132.9191255488918,72904,0,865.5893137851876,41523.5,9827.5,0,26000.5,6108,354.2844383534282,80,0,3,16,116,0.11345898951853473
Yessir#1129841,D,2,1,3,0.8333333333333333,30475.5,1739.8518639483427,41347.5,0,983.3252032675248,72915,17244,0,25733,11190.5,658.0186155074899,140.5,0,2,7.5,101.5,0.1003828762682677
vates#5136166,D,2,0.8571428571428571,3,0.8333333333333333,39736.5,2322.5263187789956,26915.5,0,555.6253251989344,95850.5,13906.5,0,14549,9998,587.5968637647056,20,0,0,0,141.5,0.13491031394172942
Kocky#9453045,D,2,1,3,0.8333333333333333,18230,1084.1287988906488,43212.5,0,572.227150507777,51284,11398.5,0,28747.5,6314,373.4063322525063,78,0,0,13,81.5,0.07532782623765236
Greatone#243538,D,2,1.3333333333333333,4,1,10802,619.5632150705771,21015.5,35569.5,2383.0676936111736,21851.5,2733,3438,10562,3869.5,226.42573647304908,24.5,3.5,35.5,1.5,119,0.11520018811126077
Soulnova#5242320,D,4,17.666666666666668,13.25,0.9472870879120879,31419.25,1581.2748843772374,84677,0,1490.0232973050556,56452.75,21971.25,0,56572,10062.75,490.94642645052716,194.25,0,6.25,27,33,0.02343980067587615
xYun#1480707,D,4,18.666666666666668,14,1,72239.25,3571.796600581618,29355.25,0,274.81559173483595,113765,38470.5,0,11829.25,12892.5,638.2939326416351,63.25,0,0,3.25,25,0.01815974438661897
Battousai#10113537,D,4,12.5,12.5,0.8932005494505495,50979.75,2521.726329438351,22827.75,0,29.019675825604576,109731.5,15947,0,11076.25,11254,559.9947360528053,93.5,0,0,6,42.75,0.035059940885929876
ProstmanPat#4038993,D,4,7,10.5,0.7565247252747253,32451.5,1579.8634503097614,75173.25,0,1483.2772349504344,132033,20030.5,0,43812,19376.5,970.8048986352353,58,5.5,8.5,10.5,75.25,0.057523884162097576
zabuza#368897,D,4,52,13,0.9258241758241759,12743.25,628.478413992296,22161,84784.75,4283.569228348341,42249.25,6772,21060,11917.75,7721,395.9185163703216,1807.75,10.25,0,15.5,12.5,0.009224666758913334
BornToShine#6612101,D,3,4.666666666666667,9.333333333333334,0.9583333333333333,12991.333333333334,769.9578881575789,27718,79164.66666666667,4476.705810179184,43934.333333333336,7947,21189.666666666668,15834,6596,360.7558397085796,1509.3333333333333,8.333333333333334,15.333333333333334,0,74.66666666666667,0.06400126594664222
HunterX#248232,D,3,9.666666666666666,9.666666666666666,0.9791666666666667,50357.333333333336,2731.204642189698,31808.666666666668,388.6666666666667,556.0593604124573,128919.33333333333,19656,0,20509,12228,688.7321195792659,22.666666666666668,0,0,6.333333333333333,44.333333333333336,0.03913920385157749
Raka#472181,D,3,1.9090909090909092,7,0.6875,30984.333333333332,1744.1874255956864,63157.333333333336,1244,1119.0640308949808,114870,19148,0,38426,13397.666666666666,729.644174721626,74,0,0,7,150,0.13739504329505725
ALWH97#8504709,D,2,0.8571428571428571,3,1,22594.5,1166.0834345220933,81783.5,0,709.7979307713441,49348.5,19759.5,0,63825,5531,290.714352270644,214.5,0,0,23.5,138,0.10828841919506582
SubZero#6639996,D,3,7,9.333333333333334,0.9583333333333333,66531.66666666667,3801.7077240938156,27238.333333333332,0,170.84651292412738,82210,34677,0,17142.666666666668,10903.333333333334,608.2480621954782,37,0,0,2.3333333333333335,37.333333333333336,0.03280333825033061
SHreddedWInd#221073,Nexus,3,11.333333333333334,11.333333333333334,0.918109668109668,19783,1107.2875112404515,28456.666666666668,68747,4429.630221547263,29416,12237,16295.666666666666,19431.333333333332,6905.666666666667,402.3359539285304,558.6666666666666,0,0,0.6666666666666666,37,0.03406998158379374
themayneski#3488534,Nexus,3,6,8,0.6760461760461761,28255.666666666668,1656.9608981968588,42859,0,1017.8474114492419,127665,13003,0,18537,18611,1065.5671919124532,86.33333333333333,0,0,7,57.666666666666664,0.05133808267224633
bacon#10566727,Nexus,3,4.8,8,0.8970588235294118,9855.333333333334,556.6373745396213,23385.666666666668,60865.666666666664,3443.5364459817015,23296,5588,14246.666666666666,15840.333333333334,6360.666666666667,362.32399994229894,399.6666666666667,0,12.666666666666666,0,71.66666666666667,0.06862893919933782
Arik#1516794,Nexus,3,5.333333333333333,10.666666666666666,0.8679653679653679,42440.333333333336,2393.618105774493,39813.333333333336,0,287.366482504604,54561.666666666664,29393,0,26862,9309.333333333334,523.8724319795488,9,0,0,1,85,0.07843405477760139
iTzGaMeR#9874092,Nexus,3,1.4666666666666666,7.333333333333333,0.8137254901960785,34602.333333333336,1977.417339106897,76336.66666666667,0,1179.2302277457081,14003.333333333334,23594.666666666668,0,63736.333333333336,4521.666666666667,254.29877819993166,234,0,0,17.666666666666668,132.33333333333334,0.12723723878041224
Mello#713575,Nexus,3,1.7777777777777777,5.333333333333333,0.7401960784313726,28886,1648.2160262565433,63616,0,2107.454596045644,121087,14200.666666666666,0,31030.333333333332,17349.333333333332,974.8790848439039,94.33333333333333,0,0,7,122.66666666666667,0.11637858214625163
Cecile#7802092,Nexus,3,3.5,7,0.8161764705882352,43312.333333333336,2521.0961561574345,35507,853.6666666666666,780.7092757566544,58230,26904,0,23217.333333333332,8870.333333333334,505.7896942747513,104.33333333333333,16.333333333333332,0,4,90.66666666666667,0.08751430339640882
brainer#500536,Nexus,3,4.125,11,0.8878066378066377,26403,1515.5262045133916,59394.666666666664,1401,932.4724660781449,49382.666666666664,20991,0,43312.333333333336,9153.666666666666,553.116551822708,164.66666666666666,16.666666666666668,0.3333333333333333,20.333333333333332,104.33333333333333,0.09385799216433992
Mochrie#473879,Nexus,3,5.666666666666667,11.333333333333334,0.9220779220779222,63163,3591.069629849666,31937,0,461.2383922900322,124573.33333333333,31269.333333333332,0,19296.666666666668,14341,809.1098880822345,254.66666666666666,0,0,0,76.66666666666667,0.07211435085626237
Splash#1659460,Nexus,3,13.5,9,1,51956,2909.383030656532,20103.666666666668,0,109.82663120956666,86616.33333333333,27005.333333333332,0,12196.666666666666,14142,810.2956504736416,157.33333333333334,0,5.666666666666667,0,36.333333333333336,0.035081185140193615
KLA#6447577,Heroic,3,9.4,15.666666666666666,0.9199525964231846,18618.666666666668,1096.4199668285216,22340.333333333332,71096,4698.622624947693,20531.666666666668,8321.333333333334,14819.666666666666,12730,5936,350.5332201242962,63,28.333333333333332,0,14,64.66666666666667,0.06247488140735067
Närg#7153541,Heroic,3,3.6363636363636362,13.333333333333334,0.7258134022839906,56809.666666666664,3220.202150508381,24318,0,0,79640.66666666667,19013.333333333332,0,15019.333333333334,10087.666666666666,604.978027109789,39.333333333333336,4.666666666666667,4,1.3333333333333333,139,0.13414779770566634
Arcane13th#1793288,Heroic,3,4.2,7,0.35918982977806513,27678.666666666668,1559.0716929631114,58546.333333333336,0,816.3442189907231,117849.66666666667,13299,0,31349,16768.666666666668,1001.4050913023625,168,0,2,28,75.33333333333333,0.07151615837981093
AntiEntropy#3957106,Heroic,3,6.571428571428571,15.333333333333334,0.9487179487179488,57349.333333333336,3384.04593066235,52869.333333333336,0,853.5020248049831,83002,36559.666666666664,0,35267.666666666664,10970,642.5725670410937,75.66666666666667,4,14.666666666666666,0,93,0.08588674063616102
STÖRMBrandon#551330,Heroic,3,7.5,15,0.887524240465417,33405.666666666664,1923.6321517258484,74192,0,1614.476067427516,54027,20538,0,55539.333333333336,9053.666666666666,530.4596923602081,416,0,0,49,78.66666666666667,0.08133145194979804
OXGVince#10683685,Heroic,2,9,18,0.8035714285714286,47238,2424.0342719781734,117332,9905.5,2374.069188562678,95316.5,29864.5,0,80263.5,14940,715.1644321748486,89.5,0,10.5,12.5,75,0.06548820555050303
DOWNYOURS#4150281,Heroic,4,9.714285714285714,17,0.7098363592928809,30406.5,1800.6091972366262,68199.25,2214,1493.0264711211598,75082.75,16065,0,35451.25,13593.25,829.4580880460082,113.5,0,0,20.5,69.5,0.05908094530107425
Moon#7840137,Heroic,2,1.4444444444444444,6.5,0.7102272727272727,21271,1058.0726928529211,48833,79720,4254.41815355872,19951,8818.5,16338,27264,5812,290.8539963160654,645,0,0,0,179,0.1596501840200264
Chaotic#8408841,Heroic,4,21,21,0.8819017259913999,79937.5,4763.817701125554,31806.75,0,444.0279682200098,102205.25,25738.75,0,13286.25,12987.5,758.9920721173019,18.25,0,2.5,10.75,38.75,0.028557357477483013
DHMcGibblets#1901980,Heroic,4,2,9,0.837581168831169,29522.5,1515.0411351702323,70433,35915.5,2713.0557979073815,33041.75,18215,8887.25,46975,6727.5,368.6317984259125,189.5,0,23.75,20.5,166.5,0.16189538457034497
ComputeX#9904044,Heroic,4,2.25,9,0.837581168831169,71447.75,3899.522412382462,45350.5,0,328.53986302671,88545.75,29840.75,0,24792.75,10875.5,570.3752270806486,92.5,0,0,7,134.5,0.12573195418125632
Valamar#2117149,Heroic,4,42,21,0.8876351230291448,24192.25,1421.5451003273445,22209,103175.5,6105.3710571000165,12959.25,11104.25,22091.75,12400.5,4965.75,295.083258925705,239.75,27.25,4.75,17.75,22,0.019500175474612785
Shoopufff#4781275,Heroic,4,3.0833333333333335,9.25,0.875974025974026,54637,2972.904095354118,67496.25,1070.25,1238.9820088637323,118489,31888.25,0,41640.25,17449,927.7317623266088,87,0,0,2,115,0.11303269051425827
Saikatora#10288770,Heroic,4,28,21,0.8817449534161491,67102.5,3969.7669502931712,41138.75,0,323.17365562387187,126041.75,42448.5,0,22181.25,14221,804.3960237654596,111.75,10.25,0,1.25,32,0.028264925060869087
MundaneZebra#1698412,Heroic,4,2,8.5,0.8058441558441559,55418.5,2877.1588829907705,63444.5,674.75,1020.6153382268963,118538.5,33849.5,0,45004.75,17631.5,978.4545185891212,155.75,9.25,3,4.5,185.25,0.17717279187578933
Gokue#3458125,C,4,6,7.5,1,34579,2098.663020073148,23447.25,0,274.0341871632213,80004,14490.25,0,12244.5,10593,641.6074454686017,57.75,0,0,3.25,41.75,0.03820999571713251
Kurama#4991390,C,4,4.5,6.75,0.9119047619047619,16138.5,877.6455254215622,16292,44087.5,2751.8784967833703,13904.5,5497.5,6022.25,9143.25,5351,310.0204044774638,103.5,5,0,5.75,56.25,0.059194123321315364
Krinovast#1968327,C,4,1.2,4.5,0.6666666666666666,25848.5,1591.1458509481417,54587.5,0,1042.3397773449094,96299.25,13568.5,0,31938.5,14159.5,894.039690805382,178.5,3.5,0,8.5,139.75,0.14302029717269132
SirNoble#698811,C,4,2.25,6.75,0.930952380952381,24494.5,1563.2475011228926,63415.25,2643,1542.827991678489,30237.5,16528.25,0,44771.25,6553.75,388.85042786675683,61.25,0,5.75,11.25,114.5,0.11377153520359348
Undead752#1257143,C,4,7.5,7.5,1,33606,2058.605539181883,18345,0,0,43579.5,15684.25,0,9993.75,8341.25,514.2311954080011,0.75,0,7.25,0.75,41.5,0.045380494463751614
Bowserking#659436,C,4,4,6,0.9249999999999999,65057.75,3436.447305532838,17529.75,0,23.467427978198806,80787.5,29812,0,10913.25,9221,497.5158013873325,22,0,0,6.5,77.5,0.06883764293443857
Jep#8073752,C,4,2.1,5.25,0.8472222222222223,23654,1228.8257439908693,55659.25,0,958.6336484410051,118608.25,10810.75,0,27953.5,17989.5,969.9602537751819,117.5,0,3.5,15.75,101,0.09368880661501035
Valkrye#6497537,C,4,1.2105263157894737,5.75,0.875,29594.75,1491.0316135818282,86063.25,382,1072.9057613448572,41335.75,19679,0,68142.5,7330.75,383.62194336639067,104.25,0,0,35.5,161.5,0.14366344283929167
jaydik#9983032,C,4,2.5555555555555554,5.75,0.8972222222222223,43751.5,2186.9500878252347,26079.75,0,162.29299280089595,87144.75,19708.75,0,15898.25,11547,607.7562926546184,86.5,0,0,3,99.25,0.08573754626154372
Bodiddly#604969,C,4,4.333333333333333,6.5,1,14257.75,761.2275745246834,22598.5,65687.25,3596.930673828563,22535,7715.75,12292.75,14477.5,6100.75,325.8313259243198,1692,17.5,6.75,5,81.75,0.067806134591135
Juggerobb#8556837,A,5,14.5,11.6,0.7523782718829158,29044.8,1582.2886960512599,48226.4,0,793.7277887614762,112883.2,15260.6,0,22426.2,18164,1012.5376226733633,98.8,0,4.2,26.8,31,0.027068515107907164
Ruglord#7860385,A,5,3.909090909090909,8.6,0.7873931623931624,28660.4,1409.000428401921,55318.8,0,650.8822434948626,142236,15126,0,29697,22422.6,1081.2704119941939,231,0,5.4,24.8,96.4,0.08053408082642673
Nixxis#1151005,A,5,6.888888888888889,12.4,0.8162116521249649,45726.6,2493.61231526179,24565.8,0,84.05519383549371,80336.2,20111.2,0,14387.4,11607.4,640.1892214613615,84.6,0,4,4.4,79.4,0.0735200495384385
DrinkingBird#10822567,A,5,24.333333333333332,14.6,0.971291866028708,55030,3023.7942549403206,17135,0,91.29284218307257,67852.6,23322.4,0,8749.2,8645.4,472.66353464043004,15.2,0,0,1.8,28.2,0.02740549061988018
Atd09#9466952,A,5,2.5,9,0.8865995115995116,30466,1424.4187897210713,82655.2,1810.2,1553.2087904940586,46019.8,20413,105.4,59935.6,8772.2,422.97866964658834,77.6,0,2.4,22,143.4,0.12027049100056848
Psyqo#8742524,A,5,2.6470588235294117,9,0.8737789987789988,57942.6,2769.501609681329,31358,0,180.05615704808838,94338.6,20739.4,0,16683,10615.8,523.8894100987258,142.2,18.4,13.6,0,124.6,0.10342635759562771
Fade#5744936,A,5,8.11111111111111,14.6,0.9636363636363636,19871.4,1106.8591990092496,54662.4,368.8,879.6690430950105,30500.6,15214.8,0,39478.8,8621.6,477.8621204141177,159.8,0,6,28.2,74.8,0.07012810214467316
JazzyFast#10871576,A,5,7.833333333333333,9.4,0.9038461538461539,11970.2,596.3831940567494,21613.8,71228.6,3689.6744098500094,31791.4,5209.6,6808.2,10327.4,7677.6,364.5749491820908,52.6,3.2,21,10.2,56.8,0.05005343316986728
RobotWizard#2190605,A,5,2.4210526315789473,9.2,0.875976800976801,65116,3081.672217301451,38535.6,0,401.6269597015929,93842.2,30269.6,0,20946.6,12372.6,594.81989718555,26.8,0,0,6.4,141.6,0.11807001881825492
SmittyWerben#6491148,A,5,23.666666666666668,14.2,0.941345341964537,9317.8,517.0319662302993,20700.6,60547.2,3638.5844622277264,22572.6,4712.4,8388,12846.6,6921.4,378.78687067649355,2406.4,3.8,9.2,16.6,33,0.03010019907574314
andrade#1160672,D,2,2.25,4.5,0.8035714285714286,24841.5,1230.2004414602268,73381,899,1348.2055895449146,61661.5,19385.5,0,53410,9813.5,463.31080788772454,80,0,0,24,102,0.08693346841608438
sarahlynneee#8356018,D,2,0.7777777777777778,3.5,0.6607142857142857,39419.5,1941.5097864562754,50379,1333.5,588.8797056326068,82721.5,28043,0,37962,8164,390.86246777747266,20,0,0,0,178,0.14998200041141543
shancb9#8220075,D,2,1.3333333333333333,4,0.6785714285714286,53752,2648.054024849654,33855.5,0,70.97827590978275,114247,21637,0,18300,13572,674.2999364234295,134.5,0,0,0,145,0.1171563697074633
Galactose#7634539,D,2,2,5,0.875,15004,734.7772982804873,32895.5,57791.5,2925.4444701758594,21181.5,9463,11457.5,17091,7249,354.263541157399,1165.5,0,0,0,122.5,0.10030031081487215
AuraLuna#1715295,D,2,3.3333333333333335,5,0.9285714285714286,62111,3067.6734124881805,26749.5,0,89.22097689220976,83811.5,23365.5,0,15666,9670.5,471.5450037169558,300.5,0,0,12.5,93,0.07332915024852879
DWhitt#7508661,BE,3,2.3846153846153846,10.333333333333334,0.9777777777777779,36404.333333333336,1627.4145294736088,111966.66666666667,841.3333333333334,1338.792546497367,52406,24095,0,84540.66666666667,7894.333333333333,365.2296660636732,204.66666666666666,0,0,49.333333333333336,163.66666666666666,0.13139578346961453
ankleshot#6258416,BE,3,9.666666666666666,9.666666666666666,0.9079365079365079,61390.333333333336,2786.3439333326864,31923.333333333332,0,219.5215336290385,92085.33333333333,28561.666666666668,0,20024,9898,442.4941859255925,113,0,0,9.666666666666666,65,0.05053185408797761
Led#9101510,BE,3,8,10.666666666666666,1,29503,1395.2770931285486,30534.333333333332,100031.66666666667,4841.60853484989,55208.333333333336,12780.333333333334,26331.666666666668,18838.666666666668,9568.333333333334,433.30647512468755,93.66666666666667,0,0,3.3333333333333335,77,0.0652896546037515
Nutcracker#7809159,BE,3,4.833333333333333,9.666666666666666,0.9079365079365079,37691,1708.3422792472727,61394,2073,1113.7757901106077,71869.66666666667,21676,0,39396.666666666664,13694.333333333334,639.2629636571518,109.66666666666667,14,4,13.333333333333334,117,0.08768462375742812
befresch#685766,BE,3,3.375,9,0.8523809523809525,44694.666666666664,2065.40912964443,50310,4276.333333333333,940.919079339912,71038.33333333333,29027,0,32506,10149.666666666666,475.9399517805826,67.33333333333333,0,1,5,156.33333333333334,0.12187124103435328
ikpliktek#6658655,BE,5,4.166666666666667,10,0.8777777777777779,28907.2,1313.4885254732785,79951.4,1590.8,1083.3234420036779,43212.6,20116,0,58309.2,7223.2,341.3858364093083,214.6,0,7.6,20.6,97,0.07105240904839817
TheSound51#10355237,BE,5,5.75,9.2,0.8268376068376068,34334.6,1525.7755254501596,65399.4,0,851.3363819222853,161815.8,22586.6,0,43414,22308,1011.4611780440752,237,0,0,10.8,53.2,0.039004252301283925
SgtScoops#1880482,BE,5,8.833333333333334,10.6,0.9422222222222223,17523.2,803.0955207861444,27008.8,96308.4,4303.686173842499,26146.4,7901.6,16649.8,15162.8,7338.4,336.1865447126955,2100.4,3,26.8,2,47,0.036795916071428486
Orion#597814,BE,5,6.375,10.2,0.9046153846153846,64739.6,2907.123849227194,30487.6,0,10.592623290509739,126935.2,23144.2,0,14223,12558.8,528.7784173639013,374.2,2,4.4,12.8,72.4,0.049296549076302876
PinaColada#5303264,BE,5,11.2,11.2,1,75848.4,3455.092556980851,30134,0,0,127423.6,30161.6,0,13966,13232.2,597.713793817773,54,0,0,2.4,26.2,0.01773480455312166
LittleWolf#7408524,BW,3,10.333333333333334,10.333333333333334,0.9833333333333334,7343.333333333333,541.689944339309,22034.666666666668,52259.333333333336,3321.7634518141735,31685,4104.666666666667,8828.666666666666,9218.666666666666,5828,350.86060283464104,1219,5.333333333333333,0,1.6666666666666667,24.666666666666668,0.024908170254374987
Rift#3505313,BW,3,15.5,10.333333333333334,0.9833333333333334,27673,1682.2666845825363,17504.666666666668,0,0,109837.66666666667,11917.333333333334,0,7564.666666666667,12225,718.6450402878259,30,0,9,1,19.333333333333332,0.016657283791294723
Collidous#7276140,BW,3,6.75,9,0.6,35611.333333333336,1933.3196120526072,16927,3751,666.6066345828968,64907.333333333336,16443.666666666668,62,9549,7502.666666666667,441.722971412436,22,0,0,0,53.333333333333336,0.054660081334877576
Rohgoth#9906412,BW,3,4.428571428571429,10.333333333333334,0.9833333333333334,14081.333333333334,937.1467682129957,51668.666666666664,14684.333333333334,1522.8852684233914,29459,8693.666666666666,2870,34791,6231.666666666667,401.8814981329081,46.666666666666664,0,2.6666666666666665,9.333333333333334,60.333333333333336,0.05790297712671153
erikwithak#2134118,BW,3,4.166666666666667,8.333333333333334,0.8833333333333333,29905.666666666668,1590.6268673713337,56984.333333333336,0,962.7891026742253,107875.33333333333,20333.333333333332,0,34323,14227,828.1013154323937,100.66666666666667,0,0,10,64,0.07043504701843577
Killidan#7114214,Heroic,2,20,20,0.8168896321070234,32478.5,2351.118850288305,53234.5,6011,1952.7967416523595,41384.5,18322.5,0,29947,5667.5,404.46401749310104,152,0,0,20.5,29,0.035095307213561903
Kjcags#1192843,Heroic,2,0.25,1,0.75,9190,659.6824122350645,35192.5,35969.5,2789.6063774142176,11359,5712,7733.5,25593.5,3269.5,234.82734419140186,24.5,8,0,12,113.5,0.13597833168392978
Time#450240,Heroic,2,0.15384615384615385,1,0.75,39468.5,2798.1911234950753,30680,7304,783.8418257873544,56285,19356,1192.5,21444.5,4592.5,325.1323798391711,10.5,10.5,8,0,159.5,0.19144690111083618
Super#197464,Heroic,2,0.14285714285714285,1,0.5,21055.5,1510.879257282637,74138,0,1021.0958960998298,59675.5,12857.5,0,48771,7515,532.2296802096919,114,0,0,12.5,185.5,0.22056912648749155
Show#151076,Heroic,2,0.2222222222222222,1,0.75,27112.5,1971.639566173936,33034.5,23279.5,1752.4669943834422,46731.5,8141,4507,18950.5,4185.5,302.71795976788263,154.5,0,22,0,128.5,0.15447259075767564
Lucyfer#1261632,Heroic,2,0.6,1.5,1,28290,2030.2022715202652,31318.5,0,0,61403,14086.5,0,19146.5,6416,460.38384523297725,38,4,6,1,67,0.07838936064959019
Ronin#787465,D,2,3,7.5,0.75,26171,974.8974501964911,115006,10948,2006.855126143705,75456,19542,0,76354,12853.5,492.66658812256026,91,0,0,21,80.5,0.07284160483811748
Tantrum#838870,D,2,8,8,1,43887,1779.6641079988945,28027,0,173.13235317768883,98316.5,15384,0,13332,9197,398.83027927666114,80.5,0,0,12.5,40,0.025055071262569083
Hannibal#790458,D,2,2.5,7.5,0.9642857142857143,44885,1762.5752323502975,71298.5,0,898.5651757125165,164356.5,25425.5,0,42681.5,20694,862.2517607905577,56,0,0,13.5,136,0.09438448287620041
Iceman#788594,D,2,5,7.5,0.75,65885.5,2764.1671194173373,32582.5,0,245.18586789554533,80140,23273.5,0,16171,10590.5,412.5531794093259,117.5,0,0,0,85.5,0.06936965611769448
LadyRonin#890924,D,2,2.5,7.5,0.75,18876.5,832.8890025908335,33667.5,85503,3222.0024872300373,46733.5,12005.5,7223.5,18960.5,7730,325.1924955220509,28.5,0,23,2.5,99,0.08594016859056092
Tonleigh#1959821,D,1,2.6666666666666665,8,0.8888888888888888,45109,1478.226318484383,182849,0,1923.0803891449052,84728,33507,0,131847,12723,416.93394777265746,208,0,0,44,174,0.09503328213005632
Koala#8073369,DW,3,2.727272727272727,10,0.65,26312,1316.4143916290702,59507,0,644.6002284384515,115787.33333333333,17215.666666666668,0,34924.666666666664,19131.666666666668,940.2019098690434,16.333333333333332,0,0,13,170.33333333333334,0.12484135193538337
DeathWhisper#10181273,DW,3,6.666666666666667,13.333333333333334,0.9500000000000001,55247,2729.1804440827996,33642.333333333336,0,270.76743082984814,85556.33333333333,31091,0,23556.666666666668,13722.333333333334,643.7448281424677,477.3333333333333,9.666666666666666,0,0,87.66666666666667,0.07751536557977058
PjRedd#10397782,DW,3,9.75,13,0.9333333333333332,30814.666666666668,1493.2863822855481,71227.33333333333,0,1225.9770237823575,52354.666666666664,22464.333333333332,0,57252,10503,494.3117514846472,165.33333333333334,0,0,40,39.666666666666664,0.0312743854239389
TheLimeBus#6749724,DW,3,9.75,13,0.9333333333333332,13157,700.4640775199572,28209.333333333332,69049,3538.010910047767,48532.666666666664,7234.666666666667,21748,15695.666666666666,9774.333333333334,458.5864837818683,4567.666666666667,10.333333333333334,0,3.3333333333333335,86.66666666666667,0.049615953437336
ITCowboy#120964,DW,3,4.333333333333333,13,0.9315789473684211,79248.33333333333,3654.2982910887754,32783.666666666664,0,57.50528541226216,125021.66666666667,35018,0,20922.333333333332,14507,717.125521103376,245.66666666666666,0,0,0.6666666666666666,121.33333333333333,0.09301793951417699
Kian#9712394,BW,2,2.5,7.5,0.75,21532.5,1011.7005962116264,63504,0,708.8205920313521,126348,11732.5,0,33298,22319,1051.0202732854343,87,0,6,15,168,0.1306737034617897
UnicycleYay#8912703,BW,2,3.75,7.5,0.8376623376623377,63677,2897.0349355976487,17603.5,0,52.1472,64700,15664,0,6968,10991,515.9831493141737,1,0,0,1,64,0.049679773568473765
t3rr0rsaur#6511700,BW,2,8.5,8.5,0.71875,51269.5,2383.935272632267,33141.5,0,320.06270411495757,57926.5,19379.5,0,16565,7815.5,361.77050502939255,83,0,15.5,6,41,0.02989648595689092
Peach#10643295,BW,2,17,8.5,0.71875,17216.5,814.4682638798171,14589.5,77864,4294.134301763554,20974,6183.5,3797.5,6608.5,5913.5,271.78844467668193,44,28.5,0,14.5,0,0
Vacuity#413041,BW,2,7,7,0.7922077922077921,63764,2913.3674680600916,14592.5,0,0,73755.5,23098,0,7553,9260,428.52590777269756,34.5,0,0,0,57.5,0.04515114304376225
Valkamer#1476972,BW,2,2.5,7.5,0.8376623376623377,20493,970.2999451338994,64673,513,889.3994304376224,39145,12166.5,0,50938,10377,481.576816198563,77,0,0,30.5,111.5,0.08081585020683649
Demongrand#1137184,BW,2,1.8571428571428572,6.5,0.78125,29099.5,1371.0050069235795,38100,0,316.7232,94626.5,10181,0,15159,14189.5,665.7021491835402,168,0,0,4,166,0.1331174918354017
Xehlyv#380761,BW,1,2.5,5,0.7142857142857143,6292,263.02286087524493,23141,55661,2326.7824951012412,13881,2292,14078,15476,6798,284.17504898758983,7987,0,0,0,88,0.061310690180709775
Zephy#3649960,BW,2,2.3333333333333335,7,0.8181818181818181,33358,1545.3899495754408,54073.5,0,486.1691485303723,125025.5,12917,0,26311,25385,1194.721149575441,16.5,0,0,16.5,104,0.07527726540387547
Dingo#7905081,BW,2,5.666666666666667,8.5,0.71875,29292,1353.5196885695623,82571.5,2585,694.9999529719138,63118,17271.5,0,49644.5,7061.5,320.2525554539517,488,0,0,10.5,57,0.04354981929022425
WitsEnd#1517507,BW,1,11,11,1,20362,1042.5344,40643,68349,3816.8576,63745,8519,6664,21504,11543,591.0016,1700,0,0,0,0,0
fadingCheshi#7020498,BE,2,2.3333333333333335,3.5,1,58941.5,2206.3045718307544,37684,0,114.31877377551498,143831,16680,0,18943,13706,643.2907669019528,175.5,0,0,13,39,0.043472202870280065
Emski#7741451,BE,2,0.7142857142857143,2.5,0.7142857142857143,33575.5,1494.0929858641239,40887.5,440,646.7455216845883,154971,21446.5,0,23038.5,17497.5,622.9384238043916,4,0,0,4,144,0.11224690000458255
JackBurton#14368,BE,2,1,3.5,1,14118.5,592.7056656652046,87393.5,0,1101.6980291321777,33928,10737.5,0,52250.5,5381.5,230.95935519519594,57.5,0,0,26.5,114,0.08258659959939971
bbqNketchup#10859834,BE,2,7,3.5,1,13065,497.6316738412912,33473,75189.5,3354.9921488712807,60108.5,6007.5,7095.5,9346,6329,276.58639001805955,582.5,22,0,9,32.5,0.01732755748083972
SaberMoon#10694006,BE,2,1.75,3.5,1,54256.5,2330.5205843558624,30159,0,113.53015661446184,134505.5,24424,0,12122,13587.5,566.6127832453044,267.5,0,0,2.5,48,0.04303695712037282
BBWhashmer#590428,Heroic,3,13.333333333333334,13.333333333333334,0.9523809523809524,82521.33333333333,4234.23155052606,34246,0,686.045895039978,142193.33333333334,32677.666666666668,0,15896.333333333334,15039.333333333334,772.379579087973,402.6666666666667,0,13.333333333333334,0.6666666666666666,22.333333333333332,0.01954187753004321
Psyren#5124769,Heroic,3,5.833333333333333,11.666666666666666,0.8892339544513458,39183.666666666664,2017.1913811961192,81129.33333333333,0,1966.207631298039,79490.66666666667,23240.333333333332,0,51204,13490,708.0098163268103,109.33333333333333,18.333333333333332,3,6,61,0.053004768861958346
Kuraokami#4950947,Heroic,3,5.142857142857143,12,0.7714285714285715,34548,1767.0814430878602,88007.66666666667,7134.666666666667,1703.644892008632,38233,25025.333333333332,0,63044,8445,441.2120253896808,196.66666666666666,0,0,23.333333333333332,95.66666666666667,0.08200020034339561
Nebulabass#6248626,Heroic,3,2.8,4.666666666666667,0.49242424242424243,52240.666666666664,2648.027107929979,46192,0,872.4000795361827,100028,23229.666666666668,0,24218,18180.666666666668,952.4218252399004,55.333333333333336,0,0,1.6666666666666667,82.33333333333333,0.06815337107043282
Zefy#10891413,Heroic,3,6.166666666666667,12.333333333333334,0.8474120082815735,23121,1184.8428358157696,33600.333333333336,113196.33333333333,5862.734960637305,33711.333333333336,12426.333333333334,23090.666666666668,21646,6123.333333333333,319.50679240992343,142.66666666666666,0,0,6,62,0.05216993859373845
harringis#6287884,Heroic,1,1.5,3,0.6,27650,1510.241238051889,34222,0,278.3431952662722,143152,12776,0,14747,16571,905.1069640418752,160,0,0,0,86,0.07828857532999545
RobotWizard#8194366,Heroic,3,23,15.333333333333334,0.8365607112410182,56672.333333333336,3108.3152197405966,25091.666666666668,0,201.61879126461645,95976.33333333333,23496,0,12975,11322.666666666666,619.9315028069517,87.33333333333333,0,0,0,18.666666666666668,0.014784014784014783
Hoku#7985379,C,3,2.4444444444444446,7.333333333333333,0.8222222222222223,25335.666666666668,1444.7429205353785,76116,1905.6666666666667,1250.7521496628376,37916.666666666664,15701.666666666666,0,57682.333333333336,5443.666666666667,313.1935266882487,56,0,8.333333333333334,3,130.66666666666666,0.1102051551500446
waterlong#816048,C,3,7.666666666666667,7.666666666666667,0.8777777777777778,67808.66666666667,3576.7015318607923,19135,20265.666666666668,1595.4920358634902,73233.33333333333,20862.333333333332,7477,8202,8366,457.41905641931345,177.33333333333334,0,0,0,48.666666666666664,0.04054355504942389
Torquin#6613538,C,3,7.333333333333333,7.333333333333333,0.853968253968254,32071,1809.5663639720626,23271.666666666668,6779.333333333333,516.9004893964111,64027,13740,817,15160.666666666666,9702.333333333334,568.5507265725256,0,0,0,0,47.333333333333336,0.040431286096881264
imabirb#5325333,C,3,1.875,5,0.526984126984127,18095,1045.9257964217459,47745.666666666664,0,716.8869037900621,113839.66666666667,11107.666666666666,0,28759.333333333332,16100.333333333334,926.6171096869851,67.66666666666667,0,1,12.333333333333334,129.33333333333334,0.11536833981973789
Serelath#793313,C,3,5.5,7.333333333333333,0.8857142857142857,25728.666666666668,1464.4025995453078,34314.666666666664,38429,2362.1297917042853,45003,14597,6861.333333333333,22031.666666666668,8558.333333333334,498.0962464418797,76.66666666666667,0,16.666666666666668,12,54,0.04748035390448976
Muidar#729554,C,3,8.666666666666666,8.666666666666666,0.9743589743589745,13570.666666666666,776.4768964747058,23489.666666666668,47084.333333333336,2578.9198670053506,44259.333333333336,8364,4967.666666666667,13124,10029.333333333334,602.8687228525706,77.33333333333333,15.666666666666666,1,16.666666666666668,30,0.032370744822002036
Tomgen#10046119,C,3,2.7777777777777777,8.333333333333334,0.6410256410256411,42226,2280.305409671553,45943.666666666664,1245,537.1367002237419,67729,23609,0,28275.333333333332,8581,469.7834142617374,23.666666666666668,0,5.666666666666667,6.333333333333333,95,0.09653687804358561
Raptor#6176271,C,3,5,8.333333333333334,0.9487179487179488,43419.666666666664,2387.368953889,22749,0,98.96309187151041,74970.33333333333,15968.666666666666,0,9763.666666666666,9032.666666666666,503.0680375470259,51,0,6.666666666666667,0,64,0.062359419503548084
Teal#9027791,C,4,7.833333333333333,11.75,0.9495192307692308,37116.5,2249.08698940696,70240.75,1049,1141.8197536961477,55070.75,22776.75,0,48214,8945,498.77519583117225,270,0,0,27.5,39.25,0.04285749204171195
Tikor#1550328,C,3,4.666666666666667,4.666666666666667,0.358974358974359,28910.666666666668,1530.2156391300293,45738.333333333336,15459.333333333334,1849.2793311593025,75370.33333333333,15760.333333333334,3859.3333333333335,26566.666666666668,10339.666666666666,558.3214040312926,514.6666666666666,0,3,4,46.666666666666664,0.04311707018735256
Aieeeǃ#8327655,Nexus,2,14.5,14.5,0.9083333333333333,60694,3543.30114373414,26371.5,2107.5,657.8769116670911,91006.5,37507.5,0,17592.5,10639.5,618.2128926431251,31,0,0,1,36.5,0.03512307645612651
Godfred#1006061,Nexus,2,10.333333333333334,15.5,0.975,29919,1740.490949232034,48455.5,907.5,638.1491011255231,48904.5,21751.5,0,33932,8656.5,501.8145295276604,119,0,0,19,22,0.021708294788775825
TheCure#10216872,Nexus,2,6.75,13.5,0.825,12480,728.6445450598524,17756,53328.5,3517.6690415832545,28027.5,7072.5,8364.5,11335,6731.5,390.6727299839928,32.5,13,12.5,6.5,68,0.06584822439904581
RedMochi#396871,Nexus,2,4.142857142857143,14.5,0.8916666666666666,52486.5,3038.9468302847395,60718.5,0,1193.8461059329807,106390,33430,0,41974.5,16089.5,938.2946576913382,81,0,5,0,134.5,0.1303592110825335
infinitymeme#8353290,Nexus,2,14,14,0.85,45436.5,2665.114021069412,22817,0,0,96102,17833.5,0,10829.5,13600.5,788.0309060269392,45.5,0,6,0.5,35,0.033285782215882076
Azuriel#3662077,Nexus,4,6,10.5,0.9615384615384616,37953.75,2161.947876311733,44910,684,817.0331350334972,59783.75,22964.75,0,32837.75,10885.25,626.8279366952845,75.75,0,0,8.5,88.75,0.08351996947599359
Flames#5952,Nexus,4,5.142857142857143,9,0.7990384615384616,34094,2003.1230863921355,33036.5,0,449.92288041366794,97433,20599.25,0,23679.25,14036,808.6508953354569,53.75,0,0.75,6.5,81.75,0.07742789559989101
HugeSlot#2167281,Nexus,4,3.3333333333333335,10,0.9173076923076923,30920.75,1749.1232178704793,59297,1114,1030.2318222831989,50045.75,21199.75,0,41246,8502.75,489.50401927015463,106.25,0.5,0,11,147,0.1381075553813932
I3lackJesus#764734,Nexus,4,3.9,9.75,0.8980769230769231,14648.25,831.9260860698874,34381.75,57776.25,3423.0800852962225,21264.75,8555,16254,23352.25,6094,342.414114653978,618.25,3,0,18.5,105,0.09900249655323093
ChtunPirate#7293018,Nexus,4,1.8333333333333333,8.25,0.7884615384615384,33982.75,1950.04917633823,48608,0,979.403999567688,71572.5,22661.75,0,35734.5,11438.25,659.0489233171952,27,6.5,0,16.5,160.5,0.1565436662315029
GoogleMe#4552909,Nexus,1,7,14,0.8235294117647058,29432,1920,65428,0,1564.6643109540635,35318,20037,0,51558,6084,396.8904593639576,230,0,0,35,102,0.11089970100570808
Shuman#1226512,Nexus,1,0.6666666666666666,4,0.6666666666666666,22798,1487.2302256047838,64135,0,788.8882848600163,83799,9356,0,38809,10812,705.3220983963033,130,0,0,0,215,0.2337591736885023
Dreves#1389097,Nexus,1,13,13,0.7647058823529411,38268,2496.4175047567273,39560,0,1635.5096493612393,63352,15903,0,17399,11383,742.5713509105735,35,22,0,13,36,0.03914107094319109
Chrissinator#1468002,Nexus,1,8.5,17,1,58763,3833.411253057896,36531,0,785.8222343027996,115746,30031,0,21108,13473,878.9127480293557,4,0,0,4,58,0.06306061429736341
Rogue#10307602,Nexus,2,6,21,0.889943074003795,53866,2302.8046341046047,36292,22312,1455.525958140799,85372,22689,3573,20041.5,12082.5,556.5322347761888,119.5,14,0,5.5,145.5,0.10410208977483178
GrandPaladin#1683482,Nexus,1,1.5,6,1,16812,1096.7328078282142,66097,0,983.2889372111987,7084,12231,0,48432,4025,262.5713509105735,84,0,0,29,149,0.16200054362598532
RickMcDuff#1765422,Nexus,1,3.3333333333333335,20,0.8333333333333334,88220,3509.3523391207063,50449,0,0,39911,51102,0,31643,12911,513.5938341689803,3599,42,0,0,202,0.13392450171963702
choadboy#10731716,Nexus,1,2.8,14,0.5833333333333334,35489,1411.7366261964946,83141,119988,5650.526664732939,27529,26098,32731,59233,12219,486.06638213234993,14,0,0,0,258,0.17105208635478392
BradMusic#850406,Nexus,1,1.4,14,0.5833333333333334,60278,2397.8320142543407,123786,0,1587.6020387021922,40332,43694,0,95145,10805,429.8180914101024,188,0,0,28,354,0.23469937430075
hurtmedaddy#11572317,Nexus,1,4.5,18,0.75,65340,2599.196121493391,122737,0,2033.1728338789212,176789,32763,0,64472,30333,1206.6332407906186,175,0,3,0,183,0.12132764264699789
G4RCE#298541,Nexus,1,2.6666666666666665,16,0.6666666666666666,84210,3349.836323706129,58823,0,291.9421538971533,60375,51961,0,41491,12732,506.4732938300253,0,0,0,0,263,0.1743670492686363
SnacksToGm#11600312,Nexus,1,4.666666666666667,28,0.9032258064516129,77389,3078.499979281482,75565,0,692.9200679567398,28760,45194,0,57324,12805,509.37720134256,62,0,0,22,311,0.20619069324161937
JonnyB#11443621,Nexus,1,5.6,28,0.9032258064516129,61983,2465.656155471761,103693,0,525.4083619939503,43723,49358,0,84383,14532,578.0764927692372,748,0,0,55,272,0.18033398251357063
EmskiLost#11195624,Nexus,1,5.5,22,0.7096774193548387,108231,4305.381013549912,88570,0,1927.8365723283473,60505,55560,0,45988,16853,670.4048398458542,131,70,0,21,212,0.14055442754734182
Snacks#9552390,Nexus,1,10,30,0.967741935483871,43327,1723.528778021796,54730,117180,4661.368250942693,33494,23781,18844,35179,12989,516.6966394563461,112,0,0,32,156,0.10342684291219492
Finalstand#1012249,Heroic,2,6,12,0.7346153846153847,22790,1372.7535751660764,58994.5,27018,2291.5513786667575,21240,16110,5426.5,41768.5,7404.5,442.2711301764974,123,0,0,40.5,61,0.06340923794917802
Albatoxx30K#8325229,Heroic,2,5.166666666666667,15.5,0.9365384615384615,72717,4380.074809150604,45016.5,0,581.0570626753976,56741.5,40724.5,0,29112,10220,599.3525232850113,5,0,0,5,118.5,0.1185749097413347
SexyExy#7427601,Heroic,2,3.8333333333333335,11.5,0.7096153846153846,22692,1350.4478887884181,60131,0,821.6586341117512,93328,14221.5,0,35405,18167,1078.1186701640117,262,0,4.5,26,145.5,0.14455063828689882
Urid#10546709,Heroic,2,10.333333333333334,15.5,0.9365384615384615,17088.5,1042.8795069875855,26108,66386,4101.984332770054,12846,9267,11147,15044.5,6036.5,358.5916946049375,101,15,0,40,58.5,0.05801706889900561
zimmmbo#10432135,Heroic,2,5.6,14,0.8346153846153846,75120.5,4432.567070512283,46650,0,0,73648.5,36942.5,0,31155.5,10558,629.4886844527695,63,0,6,1.5,95.5,0.0970594747553665
C10vurhd1#4456488,Heroic,2,2.7142857142857144,9.5,0.7642857142857142,38075,2281.530048866551,43983,32165.5,2493.0230966312006,15924.5,25522.5,6685,33317.5,4905.5,294.33584977759915,119,0,0,5,120,0.11369140096390659
Moonglow#4448906,DW,3,4,13.333333333333334,0.8611111111111112,40028,1852.9198937618432,39210.666666666664,0,134.65182109832043,100315,19806.666666666668,0,26143.333333333332,13866,657.138287006081,137,1.6666666666666667,0,0,145.33333333333334,0.11007557907152903
SoulShepherd#2159775,DW,3,5.125,13.666666666666666,0.8722222222222222,43718.333333333336,1997.0926104742337,104522.66666666667,2781.6666666666665,1366.5044347842788,52728.666666666664,31580.333333333332,0,76953.66666666667,9032.666666666666,419.6432627942022,119.66666666666667,0,11,16.333333333333332,105,0.07888173844956176
HarkinEH#1937940,DW,3,12,12,0.7222222222222222,32737,1479.4193195069674,62088.333333333336,0,1023.3699310119728,126683,22728.333333333332,0,33092.666666666664,21302,1000.9402994744547,95.33333333333333,0,10,16,62,0.04364959934352291
Ltlbearista#4225264,DW,3,14,14,0.9,8927.666666666666,428.83510222074233,28070.666666666668,103004.66666666667,4767.564372942191,32172.333333333332,3135.6666666666665,18360.666666666668,12879.666666666666,8569.666666666666,399.3935797173831,2888,0,19,0,41,0.028670325795294934
hunterstag#8186800,DW,3,7.333333333333333,14.666666666666666,0.9333333333333332,84496.33333333333,3886.845437976049,37385.333333333336,0,63.032722396473645,92394.33333333333,45836.333333333336,0,20950,13209.666666666666,612.9191997371062,65,0,0,0,96.66666666666667,0.07222758755096925
Brick#9704482,Nexus,2,4.666666666666667,7,0.775,48465.5,1872.3491919960913,25489.5,0,267.9413362303096,143372,18924.5,0,11183.5,18122.5,813.0959422214175,302.5,0,18.5,0,57,0.03292181069958848
Omni#1584097,Nexus,2,2.8333333333333335,8.5,0.9375,20046.5,856.1020821781724,27183.5,70174,3104.120052278281,60769.5,11045,12741.5,16773,9545,417.0950118572025,20.5,0,0,10.5,107,0.06684567275736793
aaron#4711127,Nexus,2,7,7,0.775,35447.5,1493.3765997399732,72373.5,0,743.3814974463809,163743.5,20064,0,44380.5,21484.5,921.536249203961,174,0,4.5,15.5,34.5,0.02555356455103711
WaffleCopter#3571880,Nexus,2,5,7.5,0.8125,94991,4068.1790379342247,27784.5,1210,341.95908021003083,173291,26922,0,12172.5,13561.5,556.2733195472839,41,39,30,2,70.5,0.045764162397105124
ppWOLO#641288,Nexus,2,3.4,8.5,0.9375,37190.5,1617.1961236706752,93095.5,0,1387.292688370224,55360,23232,0,64659,8704,391.5131489240399,417,0,0,48.5,116,0.07204385339414505
Liddell#4809315,Nexus,2,2.142857142857143,7.5,0.775,43876.5,1789.1354401118037,73006.5,0,808.6834652231669,147792.5,27592,0,44693.5,20205,894.1472396665513,71,0,0,9.5,159.5,0.12879716856176807
alanbydfault#3422985,Nexus,2,18,9,0.9666666666666667,21143.5,831.0041498149919,29876.5,97723,4520.812108664376,50795,7881,10359,8597,8434,354.34250556212623,332,27.5,0,12.5,0,0
chromage#4983047,Nexus,2,1.8,4.5,0.6666666666666666,36084,1388.891945396515,63781.5,0,888.0749778497316,116973.5,18389.5,0,34326,15660.5,585.0045665259238,50.5,0,0,16.5,123,0.10616332566539728
AGsilverAG#5280241,Nexus,2,4,8,0.8083333333333333,36657.5,1766.7148013675933,77244,0,493.5988471389712,56326,24969.5,0,52867.5,8880.5,394.9635436758822,140,0,10,11.5,86.5,0.05384112301596125
Lumi#1267199,Nexus,2,9,9,0.9666666666666667,69267.5,2772.58550309492,36601,0,190.1864928480898,125963.5,23795,0,15231.5,14568,668.901686691027,119.5,0,0,0,63.5,0.03667605227059418
Snarfungus#4732556,Heroic,2,20,10,0.9090909090909092,41006,2318.930577475834,26441,0,372.462289744981,124964,22333,0,12479.5,12101.5,712.1854193019028,12.5,0,3.5,2.5,18,0.01888276947285602
Rodney77x#6016353,Heroic,2,2.5,10,0.9090909090909092,23806,1352.2672514667315,77307.5,0,958.7430168289395,34283.5,16701.5,0,54202.5,8125.5,468.64957375879044,149.5,0,0,32.5,99,0.0970717448759911
Azmochad#5118810,Heroic,2,16,8,0.7272727272727273,32080.5,1858.1021382286003,41766,0,1147.3890455859732,118734.5,12408.5,0,11713.5,18945.5,1087.209495345264,149,0,0,19,20,0.02098085496984002
Drincho#893325,Heroic,2,18,9,0.8181818181818181,23427,1390.8526625720988,15729.5,53349,3039.7167174752276,22829.5,9255.5,10769.5,5277,6313,370.6186190288556,523.5,0,0,2.5,13,0.011285946825827455
Kanny#7872663,Heroic,2,3.5,7,0.9166666666666667,59551.5,3281.01243269342,34686.5,0,606.3153147576493,93325,13719,0,13770,12075,699.9623352101407,46.5,0,0,0,82,0.0801424831149227
Jotak#415417,Heroic,2,7,7,0.9166666666666667,25043,1432.3413344899554,57347.5,0,1269.474442390093,134163.5,14072,0,28313.5,20817.5,1193.2292822950983,38.5,0,11,11.5,54.5,0.04731416169289202
Kalamansi#1778149,Heroic,2,6,6,0.75,11927,705.934102413154,19419,41761,2801.451948022009,27552,4323,3485,11032,4899.5,294.39683272193724,16,5,0,10.5,53,0.051619619831575425
tzechiop#6325626,Heroic,2,1.3333333333333333,6,0.8333333333333333,11896,687.2629435894764,49616,0,483.52828423878725,12534,9436.5,0,38430.5,4771,277.3599367842172,71,0,9,13.5,204,0.19654854690076315
EternalBlue#9190817,Heroic,2,2.2,5.5,0.7916666666666667,43995.5,2467.465529511158,27930.5,0,0,103578,11798,0,14104,10454.5,585.2055260020159,21,0,0,0,129.5,0.1259923678297921
Raevar#723392,Heroic,2,4,10,0.9090909090909092,39388.5,2238.5676519443505,34967,0,237.4193548387097,81666.5,19735.5,0,11388.5,16291.5,923.1935035622913,10.5,0,8.5,0,78.5,0.08234985575662208
Romans1013#9822040,D,1,2,2,0.6666666666666666,25823,1727.170626349892,21090,55826,5278.093778304187,14438,16857,21546,17040,3303,220.92106179892704,38,32,0,6,32,0.03567198495088135
Mboques#59927,D,1,0.3,3,1,22642,1514.409531108479,68567,0,249.54782972200934,26969,14600,0,61311,4857,324.8603079495576,99,0,12,13,307,0.34222810562251793
Aegisven#10878383,D,1,0.25,1,0.3333333333333333,37351,2498.220581063192,87936,0,1174.2994495924197,63136,32128,0,79217,7134,477.15738869922666,137,0,0,0,122,0.13599944262523514
Coopy#60551,D,1,0.2222222222222222,2,0.6666666666666666,29320,1961.067372674702,65520,0,650.7238904758588,8842,24794,0,61412,2808,187.8130007663903,212,0,0,10,278,0.30990036926078174
Mythology#9463956,D,1,3,3,1,29928,2001.733435518707,284,21954,2412.4071622657284,59060,0,0,0,12914,863.7525256044032,47,1,0,2,0,0
TheBoomer444#10717029,D,5,2.7777777777777777,10,0.9090909090909092,23431.4,1068.1920024899803,31676.4,67360.2,3981.7265501235547,27509.2,15567.8,14050.4,23866.8,6477.8,301.3901745255945,522.8,32.4,0,11.6,160.2,0.12342300207603545
Aurum#8740639,D,5,4.4,8.8,0.8153409090909092,56210.8,2651.5591763747,74923.6,0,1199.4060311103708,120712,41039.2,0,48877,17832.2,812.2176708354386,319.8,0,0,34.6,114.4,0.08796612218367209
Chopper#579560,D,5,3.6,10.8,1,64556.6,2855.8636000630536,54389.6,2940.4,580.2072736764546,71694.4,27484.2,0,40029.6,10125.2,456.1971806819065,38.2,11.2,5.6,0,122.4,0.09817772930057317
Clifsandwich#14583,D,5,3,10.8,1,58006.4,2641.3924455262313,33905.4,0,304.310105045125,96804.2,27738,0,24459.4,10505,496.25178789751334,39.8,0,0,12.4,145.8,0.1159467487433862
Dagnie#10949,D,5,1.6923076923076923,8.8,0.8153409090909092,25201,1136.5923338294888,91386.4,0,1498.989347431223,60683.6,20152.2,0,72814,9888.2,455.55505151567775,279.6,0,8.8,16.4,212.2,0.15628774731553757
Aura#2163121,D,5,8.5,17,0.975,70178.2,3271.610030433229,37350,0,201.20142827861383,109027.8,41350,0,23665.8,16300,755.162263459234,20,0,22,2,89.6,0.0670082850236477
dthPUNISH3R#843114,D,5,5.928571428571429,16.6,0.9555555555555555,41486.6,1918.9815360559478,97086,7641.2,1487.5131647400349,63665.6,28714.2,0,66889.8,10818.2,499.1066419919539,388.2,18.4,0,22.4,140.4,0.10304469673567104
WENlS#7971574,D,5,4.15,16.6,0.9527777777777778,65334.4,3018.1939715379394,42574.4,0,378.99877103740045,67625.2,34363.4,0,24600.8,8708.8,410.2399644092794,19,0,0,12,157.2,0.11394322843162112
EmVP#47303,D,5,12.333333333333334,14.8,0.8450292397660819,44715.2,2114.3928837650124,85525.8,0,1600.476210121239,130109.6,27360.4,0,49109.2,22343.6,1020.1861958197708,76,0,8.6,28,30,0.022604427409408667
Rackham#113610,D,5,20.75,16.6,0.95,19811.8,929.099953518066,19728.8,92369.2,4425.099500598024,23643.8,8994,12842.6,11767.6,7184,330.41095762297897,316.4,12.4,17.6,2.8,34.8,0.02745968338511614
SilverJackal#469455,DW,2,25,12.5,0.9333333333333333,51326,3088.075575537545,15436.5,0,83.36524457331014,108831.5,22775.5,0,8254,12017,717.0289812690457,346.5,0,0,15,14.5,0.012847491416546683
oddthought#4905203,DW,2,25,12.5,0.9333333333333333,8104.5,495.70574451761405,11220.5,51973.5,2988.0710574208883,24220.5,3981,11142.5,4765,6086.5,357.66675342149364,2128,0,0,0,0,0
runtimelogic#60064,DW,2,24,12,0.9,22906,1358.6868489244093,57562,3701.5,1200.021079987548,42647,16326.5,0,46571,8450,493.3103051405664,42,0,0,16,0,0
Bird#5040241,DW,2,12,12,0.9,36060,2086.2109699826856,24350,8239.5,979.3392599570986,48160.5,17961.5,359.5,15320,9684.5,565.570555768677,45,0,0,0,43,0.040316364771184963
Keladorn#3705346,DW,2,0.8,2,1,18186.5,1097.5655216343398,45536,0,744.02145784154,61649,9268,0,26646,11090,673.7334264237006,75,0,0,9,90.5,0.0925374087186072
KawaiiBunneh#4532190,DW,1,2,2,1,10014,659.2223822258794,16791,58688,3863.4355070973047,14628,3283,9546,10690,2986,196.56860728245215,104,0,34,0,44,0.04827538915175204
Nae#26351,DW,2,22,11,0.8166666666666667,25929,1571.689356171566,47258,0,1726.1521219119568,131477.5,15437,0,27672,19772,1149.2527178590626,42.5,0,0,20.5,22,0.02413769457587602
JTrinja#10172965,DW,1,0.6666666666666666,2,1,17686,1164.270726188027,29018,0,0,50312,8924,0,16043,4897,322.3698827401769,9,0,0,0,94,0.10313378591510663
flippie8#6375788,DW,2,0.5714285714285714,2,1,25711,1511.397742841878,26528.5,0,105.69018720427896,98847,13941.5,0,15773,9059.5,535.6569780215611,368.5,9.5,0,0,125.5,0.11858694485141544
Chocolatdor#7673772,DW,2,1,2,1,15301.5,934.8060355203258,44968,28104,2588.9019607190885,23527,9674.5,5013.5,33960.5,4415,259.4130608750259,37,8,7.5,0,81,0.08200874631133445
SparhawK#1341108,DW,1,0.5,2,1,20558,1092.9050836194485,56307,0,730.8716358400709,127516,13500,0,24755,17077,907.8480451877285,72,0,7,0,162,0.1435374903090043
SHOGUNMISA#157865,DW,1,0.6666666666666666,2,1,72696,3864.66718351977,32049,0,153.26614242994796,136394,49673,0,19964,11097,589.9390851700078,77,0,0,0,102,0.09037545686122495
cAnTgEtRiGhT#3484148,Nexus,2,2.5714285714285716,9,0.8181818181818181,51673.5,2859.229920693001,31068,0,128.48120300751881,96603.5,35300,0,22048.5,13239,750.6637697232684,5,0,0,5,148.5,0.14421795674824356
Kalel#1043562,C,2,6.75,13.5,0.9583333333333333,55883,2447.8464079019996,31241.5,0,432.3168230001543,173229.5,28262.5,0,16140,21861.5,971.2206005450237,527,0,0,0,85.5,0.05972234349078844
kylemolodets#1030759,C,2,12.5,12.5,0.8958333333333333,57920,2505.5126153025344,77017,2058.5,1236.0188407652008,71523,37456,0,56137,13081,573.6262913653668,93,0,0,25,34.5,0.024098489478739195
Solis#5396530,C,2,11,11,0.7708333333333333,43552,1925.6159866283679,77815.5,0,953.0043215632961,117386.5,21098.5,0,38748,18756.5,824.9558492006207,99.5,0,9,34.5,43,0.033490726768242225
Etude#9021214,C,2,6.5,13,0.9166666666666667,48528.5,2173.135482027062,53884.5,6610.5,1118.9308277302582,49488.5,30217.5,0,40028,11901,527.218764579899,59.5,0,0,8,98,0.06845368025844757
Bronco#1082824,C,2,26,13,0.9270833333333333,22449.5,989.2979547484351,26792,80894,3635.0871189389172,34154,10366,12957.5,13956.5,9727.5,434.36446092364247,41,21.5,0,16,0,0
Geo#315836,C,2,9.333333333333334,14,1,28640.5,1591.9162647865492,69489,1429,1175.1052164809626,27939.5,20719,0,50818.5,8280,460.3210112251946,77,0,10,19,35,0.027556342879637832
uZerErROr#3733724,A,2,3,6,0.825,11783,711.1810087346591,18095,50180,3022.1204648609055,20462,7781.5,8570,10481.5,4286.5,257.78466282789526,21.5,6,7.5,12.5,98.5,0.09919005289188683
Thisguy#6342570,A,2,6,9,0.8333333333333333,19027,1147.3316933298943,48996,0,1059.5196614354732,39459,11210.5,1109,29692.5,7862.5,472.7098811140447,101.5,0,10.5,14.5,40.5,0.04056477729673625
scheibs#1611099,A,3,13,8.666666666666666,0.8916666666666666,28784,1775.4862678693953,36560.333333333336,11582,1711.004912263558,54490,10271,25.333333333333332,21583.666666666668,7684.666666666667,465.4195791443473,61.333333333333336,0,2,17.333333333333332,16.333333333333332,0.015540754836663494
Papertankz#3955176,A,3,3.4285714285714284,8,0.7833333333333333,49972.333333333336,3014.4731462326286,19576.333333333332,0,0,142789,26476.666666666668,0,8408.666666666666,11245,651.718668081614,133.66666666666666,0,2.3333333333333335,5,70,0.0762830442597469
Lambodroid#1597061,A,3,2.5,6.666666666666667,0.7388888888888889,23674.333333333332,1430.230825072086,33798,0,344.0719116400139,116114,12327.333333333334,0,16367.333333333334,17180.333333333332,1007.9196105631867,57.666666666666664,0,5,11.666666666666666,106.66666666666667,0.11298192171217154
Marbuckle#341249,A,3,8.666666666666666,8.666666666666666,0.9361111111111112,12217.333333333334,732.9165307421132,12394.666666666666,40566.333333333336,2513.5354315114296,24576.333333333332,5158,6018.666666666667,7905.333333333333,5249.333333333333,318.5867475171073,1404.3333333333333,0,9.333333333333334,11.666666666666666,48,0.04742595426560637
NoControl#8824207,A,3,4,8,0.7833333333333333,46627.666666666664,2750.45978607621,42381.333333333336,0,677.8550373696044,74944.33333333333,22401.666666666668,0,35444.333333333336,10155,588.4463404374302,19.333333333333332,13.333333333333334,7.333333333333333,6,65,0.07138950197641004
Dietlama#1696867,A,3,2.5,5,1,15868.333333333334,833.364056038317,17103.666666666668,48711.666666666664,2696.6308873217945,33869.666666666664,7640.333333333333,7986,12071.666666666666,5976.666666666667,319.2241691651549,46.666666666666664,0,0,7.333333333333333,70.33333333333333,0.06125650693182235
Zloth#1222907,BW,2,2.6666666666666665,8,1,19498.5,1190.1496757763205,65839.5,0,1301.4306919936223,20005.5,14330,0,51910.5,6023,366.76091493985757,98,0,12.5,5,101,0.10299009798225661
Nullius#4224320,BW,2,2.8,7,0.873015873015873,17695,1076.6902477213207,48074.5,0,687.0822214712064,98521,10331,0,29745,17691,1076.1888323939306,85.5,0,0,9,87,0.08847473316785669
TravisParty#1690854,BW,2,3.75,7.5,0.9444444444444444,25297.5,1539.3489299922408,36985.5,0,791.4697692904546,46528.5,14788,0,22750,7658.5,464.01892222471156,84,0,0,7.5,85,0.0870548349881701
Amphibagoat#4109723,BW,2,4,8,1,23618.5,1434.4906420468474,26309,0,0,57426.5,13384.5,0,15736.5,8664,525.2041889809094,19.5,0,3.5,0,81.5,0.08251723644722236
MoralesNPC#10922026,BW,2,8,8,1,14260,875.4219354860486,15024.5,56294,3532.2714981458766,7422,4783,2516.5,4348,3109,189.43540736071503,86.5,7.5,37.5,2,40,0.041314311535730425
infafox#690175,A,3,3.75,10,0.8560606060606061,56943,2580.6401933683646,117261.33333333333,5868,1884.9592892480148,90926,49265,2324.6666666666665,91790,11159.666666666666,497.16966583863297,194,0,6.666666666666667,27,112,0.08499315255442237
Cauthon#2004752,A,3,5.166666666666667,10.333333333333334,0.7899159663865546,28244.666666666668,1286.3629467785147,107279.66666666667,5923.333333333333,1504.8490112009729,64198.333333333336,18371,1284.3333333333333,71448,11881.666666666666,542.2110211393118,152.66666666666666,0,0,29.666666666666668,90.66666666666667,0.06854131000353071
Patienc3#591263,A,3,16,10.666666666666666,0.9814814814814815,19216,859.424133405763,27337.333333333332,99641,4570.6167589950655,28223,8010,11565,11305.666666666666,7184.333333333333,328.46281293338484,139.33333333333334,0,53,5,38.333333333333336,0.030524769012373706
LeoRice#6690503,A,3,3.375,9,0.7887205387205386,77546.66666666667,3550.2993750671644,53467.333333333336,0,433.2304473646773,144250,43387,0,29957,16466.333333333332,738.2886832086557,267,0,0,3,142.33333333333334,0.10971983370811639
Majesty#6206532,A,3,3.125,8.333333333333334,0.6868686868686869,64262.666666666664,2924.6477985842344,58031.333333333336,0,1238.3406765053962,177254,38486,0,26577,23201.666666666668,1063.5278015678373,110.33333333333333,22,0,8,131.33333333333334,0.09565359058303069
Clownface#3496556,A,3,3.111111111111111,9.333333333333334,0.7822128851540616,76056,3430.062088496203,64832,5904,1168.7060060979568,128348,33766,0,35639,13741.333333333334,612.9890084096563,69.33333333333333,15,0,5.333333333333333,111,0.08764985296901641
DeltaSniper#711347,A,3,5,10,0.7619047619047619,79085,3564.478498189363,43199,0,294.78309064342216,146131.66666666666,31686.666666666668,0,21488.666666666668,14269,646.3985497756624,543.6666666666666,0,0,6.333333333333333,90.33333333333333,0.07282376849565846
MDC#9525821,A,3,3.2857142857142856,7.666666666666667,0.6757703081232492,41189.333333333336,1882.1010027174468,79406.66666666667,0,1003.6519431424298,194183,14687.333333333334,0,33769,21845.666666666668,984.2388077104127,51,0,4.666666666666667,5.333333333333333,106.33333333333333,0.0827036426634419
MacDaddyo#6126910,A,3,6.4,10.666666666666666,0.873249299719888,24387,1101.894164222878,47810.333333333336,107566.33333333333,4897.705695308742,27989.333333333332,11068.333333333334,22646.666666666668,24907.333333333332,6601.666666666667,298.3745558590595,740,0,0,0,72.66666666666667,0.057423864758790966
Psyqo#918724,A,3,3,9,0.7474747474747474,71490.33333333333,3309.109034896275,38636,0,48.71609049064734,102656.66666666667,28041.333333333332,0,21642,10830.333333333334,497.352186731146,116.66666666666667,12,3.3333333333333335,23.333333333333332,131.33333333333334,0.09590407730649997
