team,division,avgKDA,heroPool,levelTime4,levelTime7,levelTime10,levelTime13,levelTime16,HDM,SDM,HLDM,TFHD,TFDT,TFHL,matchLength,timeSpentDead,ccTime,rootTime,stunTime,silenceTime,minionXP,creepXP,structureXP,heroXP,trickleXP,maxMinionXP
Bunker Fun Time,BW,4.132231404958677,42,119.57065217391305,113.33695652173914,134.92119565217388,159.92934782608694,160.29347826086962,180.81522740459707,386.5461539886542,77.35343973420804,123252.60869565218,175847.73913043478,16931.956521739132,1161.2527173913043,482.9130434782609,893.3478260869565,20,58.91304347826087,6.782608695652174,42858,4007.478260869565,3061.9565217391305,11348.680048403532,30916.37353515625,65037.391304347824
Bork Side of the Moon,BW,2.957095709570957,30,118.671875,113.12812500000001,138.3125,176.01562499999994,181.22500000000002,162.37724697648335,331.5381225204945,55.68456144971899,101442.95,161894.45,15151.1,1240.815625,622.1,561.65,21.7,55.25,30.65,44615.8,2256.1,2156.25,10726.264038085938,31687.28221435547,70512.75
Anomaly,CW,2.568075117370892,41,127.3375,123.65937499999998,152.18125000000003,177.66562499999998,198.25183823529414,133.0604356923754,340.91694593718745,62.1764137789022,84481.1,135564.1,13098.4,1191.1375,455.5,1616.55,31.1,45.55,15.9,39065.3,3202.84072265625,1877.5,8040.378698730468,30839.429553222657,61951.55
Good Lordy,CW,3.7708333333333335,41,131.15441176470588,128.6323529411765,150.00735294117646,176.56249999999994,174.48713235294122,150.84339977138706,297.0165715068673,57.97574291502499,92363.11764705883,140149.17647058822,10987.117647058823,1160.0330882352941,403.5882352941176,997.4117647058823,19.41176470588235,35.64705882352941,26.176470588235293,37132.58823529412,3537.9411764705883,1826.4705882352941,10228.857048483456,29436.422765395222,56681.23529411765
Durotan's Couch,Nexus,4.5353535353535355,34,123.8157894736842,112.64144736842105,132.20394736842104,168.48355263157902,156.96381578947364,184.46689817376142,374.21980772954447,78.93623500775672,113585.21052631579,162045.8947368421,18172.526315789473,1145.1184210526317,441.63157894736844,2066.4210526315787,15.578947368421053,48.73684210526316,12.473684210526315,41228.63157894737,3091.1052631578946,3063.157894736842,10904.583560341283,29818.088211862665,62770.21052631579
Can't Counterpick Stupid,CW,5.85625,36,124.196875,117.453125,141.92187499999997,165.14375000000007,158.84687499999995,176.17989365379088,358.5115141398639,70.26994183091224,104137.15,133966.1,16568.05,1130.7,362.75,1719.8,7.35,51.65,20.45,39827.3,3288.9,3657.5,10783.19716796875,29866.88836669922,61982.8
Spooky Ghosts,A,4.0625,36,126.51388888888889,118.06944444444446,152.09027777777774,173.98815359477123,181.11948529411768,146.09884920802938,301.06643661838103,65.1050481114807,94385.33333333333,152608.38888888888,16089.611111111111,1202.21875,382.1111111111111,1305.611111111111,9.555555555555555,47.55555555555556,26.5,38537.555555555555,4240.055555555556,1165.2777777777778,8954.954359266492,31412.537936740453,64427.055555555555
Roll1Esports,CW,2.2286995515695067,40,124.9375,128.45065789473685,149.83552631578945,173.93603801169587,179.82291666666674,135.0020794289936,312.56366738725245,55.53891757416159,80922.94736842105,137787.94736842104,10156.263157894737,1128.4901315789473,475.3157894736842,842.2631578947369,20.57894736842105,58.73684210526316,27.68421052631579,37176.42105263158,2752.4736842105262,1888.157894736842,6928.317575555098,29466.786145662005,61306.57894736842
Tactical Feed,BE,5.288888888888889,37,124.1086956521739,116.1875,144.84510869565216,166.64402173913044,174.96195652173913,162.00800914718155,333.0304124978495,43.31814188740646,92760.13043478261,126567.13043478261,7257.521739130435,1276.7798913043478,440.60869565217394,1458.7826086956522,7.956521739130435,57.17391304347826,22.043478260869566,42713.913043478264,4593,2272.8260869565215,11864.800229279892,34547.93505859375,70032.17391304347
Protectors of Shakuras,BE,3.0655737704918034,36,125.2336956521739,123.0788043478261,152.01358695652175,180.23641304347825,182.19293478260875,152.519969606971,332.3620770038383,63.72297171489721,101201.82608695653,161837.08695652173,15168.91304347826,1333.3967391304348,534.8260869565217,1559.2173913043478,22.391304347826086,53.26086956521739,23.652173913043477,44787.47826086957,4100.652173913043,1884.7826086956522,9922.38185716712,36409.3984375,69283.56521739131
Pepegas on Ice,BE,7.484848484848484,37,120.11607142857143,114.44419642857143,133.4955357142857,163.18080357142856,169.05357142857144,156.40840452873252,348.53624817930637,53.95275371521458,88590.35714285714,118538.53571428571,8810.107142857143,1269.4285714285713,326,970.1785714285714,18,62.142857142857146,26.75,44008.142857142855,4724.452017647879,2542.8571428571427,12664.138793945312,36627.785775320874,68291.64285714286
Crit Kickers,Heroic,5,38,122.37132352941177,120.77573529411765,132.46323529411765,173.38235294117646,149.82401960784318,181.8356043991546,343.463506624712,68.35217995436021,99876.64705882352,135950.70588235295,7762,1046.4889705882354,428.05882352941177,409,11.588235294117647,60,26.705882352941178,34553.882352941175,3508.5882352941176,1972.0588235294117,10581.503647748163,27177.1953125,53613.58823529412
Braincellmates,A,4.50920245398773,23,121.275,114.52916666666667,144.57083333333333,167.3416666666667,174.6916666666666,156.49239118979852,353.1080320343235,62.043617401476396,89408.93333333333,147142.66666666666,12211.266666666666,1235.1333333333334,430.4,548.9333333333333,6.933333333333334,57.13333333333333,32.46666666666667,42398.53333333333,3096.6666666666665,2915,10480.665690104166,33470.92482096354,67551.4
Crowd Control Syndicate,BE,4.86080586080586,34,116.94827586206897,110.79094827586208,132.76293103448273,162.34698275862075,169.37931034482756,153.73948830721298,408.8029565723229,60.8605887052459,94667.27586206897,129651.75862068965,12324.275862068966,1297.9375,450.86206896551727,2381.896551724138,13.379310344827585,45.6551724137931,9.448275862068966,49234.137931034486,3704.962991648707,2145.689655172414,11268.452611462822,37239.121009563576,73368
Micro & Macro,Nexus,6.808080808080808,35,119.80902777777777,114.84722222222223,134.5763888888889,165.1388888888889,164.3298611111111,178.31718756162684,384.0174693842037,66.64857374304995,103259.05555555556,147288.44444444444,18341.833333333332,1199.9895833333333,357.1111111111111,1022.2222222222222,9.222222222222221,48.22222222222222,19.944444444444443,45193.11111111111,4262.763237847223,2200,11332.720947265625,30893.363037109375,64321.27777777778
Stormblessed,Heroic,10.859154929577464,33,124.03846153846153,106.08173076923079,126.80769230769232,160.02403846153845,153.58453525641028,192.21725081971195,337.8656611163352,69.55099025628374,86155.69230769231,117781.15384615384,10304.384615384615,976.8942307692307,218.30769230769232,838.6153846153846,24.307692307692307,47.76923076923077,16.153846153846153,32696.923076923078,3283.153846153846,3211.5384615384614,10071.587665264424,26317.584134615383,48015.46153846154
Frank's Furters,CE,5.5875,21,127.97916666666667,121.7375,153.6916666666667,169.97916666666669,169.7833333333333,146.94845558589935,282.5079562517127,68.20301617571019,105484.26666666666,146581.06666666668,14194.4,1222.9041666666667,410.53333333333336,790.9333333333333,21.8,96.26666666666667,12.933333333333334,35537.2,5257.733333333334,2560,11786.405436197916,32373.563899739584,62742.86666666667
gillyShark at !Bingo night,A,4.5285714285714285,35,118.640625,115.02812499999999,143.734375,166.41249999999997,166.6777960526316,179.1211028426321,366.18652315860675,51.7578644622039,93320.65,131322.95,10122.35,1181.221875,361.05,998.75,32.75,60.65,29.35,40364,4106.85,2123.75,9280.032348632812,34019.038891601565,60339
Is Shoopufff Still Inting,Heroic,3.9237288135593222,15,123.5625,110.15625,141.671875,157.265625,163.09375,195.85927475577236,334.91896423308185,94.52227126705806,117714,168155,25530.75,1018.390625,213.75,2440,18.75,53,20,35607.5,1950.5,4400,11869.756286621094,25130.33428955078,49877.75
Citrus Colored Squash,Nexus,2.59375,35,121.6625,119.353125,146.128125,170.02500000000003,175.7981617647058,165.5143101040591,320.8773384618995,66.01737212123825,94246.4,140227.8,12709.7,1078.221875,511.1,1074.8,8.15,73.2,11.85,37126.2,2507.2470947265624,1075,8160.43212890625,26711.763415527344,56206.85
Cream Team,CE,2.3672566371681416,35,133.1066176470588,130.67279411764704,148.63235294117652,182.74999999999994,194.6911764705883,172.8092010417937,308.09533965176735,56.5104061345284,101780.58823529411,150392.29411764705,13103.70588235294,1192.610294117647,605.4117647058823,1861.1764705882354,29.58823529411765,65.76470588235294,23.705882352941178,36802.117647058825,3373.4640107996324,1467.6470588235295,9166.850729549633,30702.92005112592,60724.41176470588
The Negotiators,Nexus,3.8506224066390042,37,123.13392857142857,122.05654761904763,141.84821428571428,172.17261904761904,172.4553571428571,176.95318511267942,306.18783275385147,63.78131315382471,102766.28571428571,148200.80952380953,10301.142857142857,1135.6309523809523,532.7619047619048,745.4285714285714,27.476190476190474,69.23809523809524,21.285714285714285,35200.47619047619,3828.1428571428573,2470.2380952380954,10760.073556082589,30659.225678943454,57669.42857142857
Little Buff Boyz,A,5.2155688622754495,36,131.40073529411765,122.80514705882354,142.53308823529412,161.29411764705884,177.3713235294117,168.82927097871,320.8662802020998,57.94057912218899,95600.82352941176,131188.5294117647,12061.764705882353,1130.9117647058824,392.3529411764706,828.9411764705883,24.58823529411765,57.8235294117647,27.647058823529413,34863.882352941175,3779.276194852941,3514.705882352941,9305.078125,30363.33842198989,54699.41176470588
Good Players, Bad Decisions,Heroic,0.4678111587982833,29,131.0625,131.00446428571428,160.27678571428572,191.99479166666663,144.93229166666674,158.06926697804593,252.17160976569423,66.69249422067767,68984.92857142857,133435.2142857143,12795.714285714286,849.5535714285714,618.5714285714286,460.07142857142856,1.6428571428571428,31.142857142857142,13.857142857142858,27273.285714285714,1129.642857142857,712.5,2480.6413922991073,18937.490234375,40733.57142857143
Xul Gin Distillery,BE,4.079207920792079,42,124.27884615384616,114.18509615384616,142.58413461538458,159.3100961538462,174.89423076923072,156.73345523350915,317.36086406553164,70.00622796928215,98729,167571.57692307694,12470.538461538461,1223.6442307692307,501.61538461538464,664.4230769230769,14.807692307692308,60.53846153846154,32.84615384615385,41144.61538461538,4166.168719951923,1977.8846153846155,11671.546349158654,33234.08882023738,64030.57692307692
Randy Newman,BW,2.025531914893617,42,121.68055555555556,121.7951388888889,146.98958333333331,186.6493055555556,170.24088541666663,159.31683351611724,306.4748295700274,61.21332594133517,99557.05555555556,145655.55555555556,14526.388888888889,1057.4270833333333,535.2222222222222,704.8888888888889,19.666666666666668,54.77777777777778,22.944444444444443,34899,2365.3888888888887,1326.388888888889,7229.153781467014,26144.733086480035,56527.444444444445
Phoenix Rising Amethyst,CW,4.995305164319249,28,120.27989130434783,107.71739130434783,139.6086956521739,166.68750000000006,174.3641304347825,167.78112270634122,364.6861338636724,64.72789764073748,88055.82608695653,126810.26086956522,8896.95652173913,1158.7255434782608,392.69565217391306,1967.8695652173913,15.26086956521739,44.608695652173914,36.65217391304348,40192.086956521736,4047.217391304348,2423.913043478261,9603.33198879076,31854.13037109375,61913.86956521739
Can't Connect Stuns,A,3.1578947368421053,33,129.359375,123.9921875,150.80859375,169.5,186.66901041666665,171.7803511185245,276.7159695507732,76.27339057834156,106672.5,159325,18872,1072.80859375,489.125,1419.75,14.125,33.0625,12.9375,31824.75,3996.984130859375,2010.9375,8759.71450805664,27134.31317138672,50814
FC Hong Kong,BE,2.611464968152866,41,122.9325,119.055,144.565,173.3275,178.37543478260875,148.07879148977108,315.20441021099975,57.03820046651652,100964.04,161941.64,12408.44,1212.1325,560.36,1726.92,16.72,49.24,14.24,41122.72,3258.49453125,1677,8457.352783203125,31926.125029296876,65631.36
COSMOS,CW,6.393782383419689,36,124.14583333333333,120.68452380952381,153.70238095238093,164.00297619047626,179.2307330827067,159.66308522406578,326.74037388918197,65.73808674998484,93061.52380952382,126823.95238095238,10070.809523809523,1197.580357142857,384.2857142857143,662.2380952380952,16.80952380952381,76.0952380952381,17.19047619047619,38000.19047619047,3317.518136160714,2125,12452.151343936011,32761.260056268602,64037.619047619046
Heavy Hitterz,Nexus,3.7159763313609466,39,123.19444444444444,111.48958333333333,142.75,168.20833333333331,171.2988153594772,161.17913548295206,339.5191302703276,75.70133058344418,102594.5,153341.83333333334,15239.833333333334,1158.6944444444443,496.94444444444446,741.2222222222222,11.333333333333334,52.72222222222222,8.944444444444445,42050.666666666664,2548.9444444444443,2720.8333333333335,9724.281616210938,29140.958821614582,63915.944444444445
Macro Machines,BW,7.263565891472868,40,123.17897727272727,116.36079545454545,141.92329545454547,171.40909090909093,162.8125,184.9848764714403,347.70913231962123,74.84030339310102,107491.72727272728,151854.45454545456,17061.409090909092,1188.6136363636363,326.5,1972.5,15.590909090909092,58.18181818181818,11.181818181818182,43101.818181818184,2979.2727272727275,2747.7272727272725,10109.651600230824,30115.53183815696,65455
Protectors of Aiur,BE,7.25,37,117.0125,107.7725,135.23999999999998,163.885,163.625,169.00269221257267,375.1269721251954,65.83953060127038,109170.56,149139.64,18503.48,1311.36,362.2,1808.68,7.72,67.76,25.56,48405.04,3709.48,2941,12314.472880859375,38809.5450390625,74988.2
The Part Timers,A,2.789473684210526,39,124.33881578947368,119.54605263157895,146.12500000000003,172.4736842105263,179.26297514619887,170.0057774196708,338.1406046537815,53.53509163637835,103256.52631578948,161853.26315789475,12140.315789473685,1188.8256578947369,554.3157894736842,1052,13.210526315789474,74.15789473684211,12.789473684210526,40966,3146.8947368421054,1934.2105263157894,9276.545795641447,30353.981650904607,63366.89473684211
Crimson Cyber Squad,CE,6.8875,30,120.7109375,112.15234375,141.3203125,166.85546875,179.4453125,167.78437365802392,344.415935013445,60.78805739701045,125135.4375,152120.6875,12583.6875,1365.9140625,430.4375,1266.5,28.875,84.8125,17.0625,42233.25,4965.0625,2412.5,14114.71206665039,41607.762268066406,73655.125
Magnitude: Oblivion,Nexus,3.4408602150537635,36,126.009375,124.5375,146.35625,161.25000000000006,174.4961805555555,183.97123337230624,337.7383864532927,72.79091032297757,98679.7,147641.3,14242.85,1133.909375,468.05,531.8,13.25,53.3,13.85,37987.5,4212.99345703125,1667.5,9047.499389648438,29482.670166015625,58013.4
Objective Optional,BW,6.5,37,113.96875,106.0965909090909,135.45738636363635,157.80397727272725,158.61931818181824,175.93098591288881,382.58931770409686,54.26245812557145,120851.54545454546,130645.40909090909,9886.90909090909,1153.8835227272727,399.1363636363636,1083.2272727272727,19.272727272727273,57.86363636363637,8.181818181818182,44071.818181818184,3749.9545454545455,2405.681818181818,11907.27899724787,31686.06261097301,64894.72727272727
Cats On My Saddle,BE,2.322289156626506,39,123.51420454545455,112.47443181818183,142.73295454545456,163.67045454545456,171.8579545454545,170.3108603305183,322.9593878660444,62.37431853966129,108465.81818181818,159823.36363636365,16194.454545454546,1163.53125,598.5454545454545,1904.5,14.818181818181818,45.59090909090909,25,42605,3363.318181818182,1594.3181818181818,8267.948774857954,29701.909590287643,64266.954545454544
Mango Fever,Heroic,3.0584415584415585,38,122.81666666666666,109.525,128.5875,171.80416666666667,177.01249999999993,175.02784226086587,351.210764696693,63.24802544900313,97773.33333333333,159022.73333333334,12474.4,1137.6416666666667,566.8666666666667,784.9333333333333,33.06666666666667,60,14.666666666666666,41830.26666666667,2913.5333333333333,1593.3333333333333,8754.325358072916,28073.74833984375,61523.8
NO CC NO PROBLEM,BW,5.232558139534884,22,121.21739130434783,121.58423913043477,142.3641304347826,168.40217391304355,163.32411067193675,161.3240665410892,383.13839752850066,73.6294619827942,99772.26086956522,134712.60869565216,9967.695652173914,1180.5815217391305,351.8695652173913,373.7826086956522,23,52.69565217391305,15.391304347826088,41312.69565217391,3240.6521739130435,2372.8260869565215,10686.784413213316,32987.57666015625,65657.78260869565
Boogans Forever,Nexus,4.245,42,124.20454545454545,118.49147727272727,139.72443181818184,180.99715909090907,163.63595779220782,163.06071314967429,315.7021328715397,64.57754388241565,104888,158057.0909090909,11058.59090909091,1237.1448863636363,437.45454545454544,1203.090909090909,20.90909090909091,56.95454545454545,13.681818181818182,40970.181818181816,4455.5,2450,10602.535300514915,31993.60976340554,64596.818181818184
BG I Need My Caster Role,A,5.666666666666667,41,123.12890625,115.1171875,140.80078125,167.3046875,168.1192708333333,172.9638170927378,352.3409855344395,61.53660063197895,104044.625,140380.625,10773.375,1141.171875,347.8125,531.5,17.6875,74.75,19.5,40127.5,3927.75,2804.6875,9186.80419921875,31111.000396728516,60242.875
LTK - Shaken, Not Tilted,Nexus,2.7712177121771218,37,128.803125,123.78437500000001,143.96562500000002,169.30312500000002,187.38749999999993,187.44898496510046,318.9412363320217,77.47737925286435,112427.4,165674.85,17259.7,1187.890625,524.9,526.05,6.9,38.4,29.8,39634.1,4186.895947265625,2135,9698.55224609375,29910.898327636718,59465.3
Pending,Heroic,12.44578313253012,24,122.484375,115.90625,128.734375,154.671875,164.328125,237.87240996939303,367.603410321683,93.35134366948789,154994.75,189716,18811.375,1301.1796875,281.125,622.25,33.625,69.25,12.75,45168.75,4802.25,3200,16295.994567871094,37723.07293701172,70706
Blackheart's Booty,Heroic,4.38728323699422,29,124.84191176470588,118.5514705882353,140.29044117647058,172.70955882352945,175.30974264705878,181.48263172062593,308.8496028917348,72.70009410508462,100080.23529411765,141810.29411764705,16776.352941176472,1016.9669117647059,373.47058823529414,871.5882352941177,9,50.411764705882355,23.058823529411764,33929.882352941175,2380.368853400735,2547.0588235294117,8833.90754250919,24640.342744715075,50704.76470588235
Hot(s) Dads,A,6.664,35,126.82986111111111,115.89236111111111,138.96180555555554,163.11111111111114,168.7232434640523,157.04594672135784,361.82755735592013,60.638115426094245,92914.16666666667,120155.27777777778,11159,1122.9722222222222,310.8888888888889,1119.611111111111,19.333333333333332,68.83333333333333,19.27777777777778,37310.555555555555,3771.722222222222,2244.4444444444443,10505.357869466146,31333.912489149305,57834.61111111111
Gen.M Esports,A,3.6666666666666665,34,129.86513157894737,121.59210526315789,147.13815789473682,176.27631578947376,175.30108359133123,160.14955651997,305.17503390809594,75.86108002373606,101400.52631578948,177741.05263157896,18806.842105263157,1195.2861842105262,437.2631578947368,2853.6315789473683,11.947368421052632,66.73684210526316,30.94736842105263,37295.47368421053,4995.3678556743425,1585.5263157894738,7996.788420024671,31455.085963199013,59118.63157894737
Uncle Chens House of Blues,Nexus,8.691729323308271,32,124.71875,115,137.93055555555554,160.10416666666663,169.65277777777783,183.74023379895368,331.238043368951,71.84222381409657,99913.27777777778,149621.05555555556,11912.222222222223,1103.138888888889,276.3888888888889,952.7222222222222,30.555555555555557,41.94444444444444,25.88888888888889,36449.555555555555,3637.3333333333335,2368.0555555555557,11913.060845269098,30271.204427083332,56634.055555555555
Lightwell,Nexus,5.840579710144928,35,123.94097222222223,115.17708333333331,141.82986111111114,165.8194444444444,170.43484477124184,182.33067039042038,361.29458582599045,61.367973398796416,105458.66666666667,130147.38888888889,9575.888888888889,1144.6770833333333,336.77777777777777,641.9444444444445,25.666666666666668,47.22222222222222,19.166666666666668,41383.11111111111,3693.703179253472,2330.5555555555557,12100.893825954861,28649.311672634547,61277
Toxic Lizards,CE,7.449367088607595,31,126.38235294117646,122.81985294117646,139.9264705882353,172.16176470588238,165.72058823529414,151.87117585673514,311.53962178802243,62.91482463863014,118475.4705882353,151628.35294117648,13760.764705882353,1294.2058823529412,448.7647058823529,1871.1176470588234,17.058823529411764,58.76470588235294,25.176470588235293,41689.76470588235,4663.23046875,3020.5882352941176,14002.427389705883,36339.007424747244,68139.76470588235
Tricky Gooses,A,6.7,26,123.95486111111111,110.24652777777777,138.69791666666666,164.21180555555554,155.75,181.72547258158426,383.7223611133226,83.77829251873807,121120.38888888889,146054.61111111112,18127.722222222223,1161.125,324.44444444444446,509.27777777777777,17.27777777777778,57.05555555555556,12.555555555555555,45422.22222222222,3484.1111111111113,3468.0555555555557,11809.653049045139,30611.335706922742,64444.555555555555
YCMYCCaST:Rebels oftheMeta,CE,0.9617834394904459,31,135.0056818181818,140.4431818181818,161.59659090909093,188.6306818181818,175.77178030303025,144.30719580265853,304.5419821859439,51.01805001240362,69129.36363636363,117971.18181818182,9919.90909090909,978.7784090909091,586,786.1818181818181,12.545454545454545,24.636363636363637,24.09090909090909,30811.636363636364,1992.5454545454545,1263.6363636363637,5181.238037109375,22125.47676225142,48742.90909090909
Hat saika and r,Heroic,8.633663366336634,33,116.84895833333333,108.61458333333333,128.39062500000003,149.40625,167.49479166666669,219.04454532482671,422.2626397419852,90.91133001579033,134890.91666666666,171766.91666666666,17474.916666666668,1227.3333333333333,375,1209,16.833333333333332,46.25,22.166666666666668,47497.5,3484.0833333333335,2279.1666666666665,13611.824544270834,33071.46799723307,69662.83333333333
Is Shoopufff Inting Still,Heroic,2.7578125,24,123.675,115.63125000000001,147.11249999999998,186.34999999999997,185.53750000000002,194.0893148171701,303.4523233876297,84.03423096802443,119061.5,219215.9,20650.3,1088.475,708.9,874.2,11,55,9.7,35782.8,2647.3127685546874,1532.5,7797.796630859375,26506.48195800781,53801.3
PUNishment,A,2.986013986013986,28,129.74479166666666,119.13541666666669,146.03124999999997,189.95833333333331,173.1989583333334,144.5155989553054,342.2867004345507,56.04815126411262,83114.33333333333,135195.66666666666,11266.166666666666,1185.390625,423.6666666666667,909,18.166666666666668,58.916666666666664,21.5,39648.166666666664,3744.9166666666665,1254.1666666666667,7771.7559814453125,30019.494995117188,59900.583333333336
Fake Taxi,Heroic,12.44578313253012,20,117.61458333333333,102.21875000000001,129.17708333333334,144.86458333333331,141.66250000000002,188.91795935002142,384.58971797970554,60.557965260813354,77513.66666666667,96301.66666666667,9021.833333333334,1005.8229166666666,206.16666666666666,965.5,35.333333333333336,63.833333333333336,35.166666666666664,37319.333333333336,4046.6666666666665,2645.8333333333335,9614.6484375,27661.56075032552,53290.666666666664
Heretics and Heathens,Heroic,2.8085106382978724,10,120.375,110.8125,133.0625,168.0625,152.53125,170.28603190384638,357.97922202684424,86.31680510432672,111927.5,200000,24034.5,1046.40625,698,621.5,0,74.5,6,41041,1725,2125,4533.0535888671875,24623.46533203125,58356.5
